Book Id,Title,Author,Author l-f,Additional Authors,ISBN,ISBN13,My Rating,Publisher,Binding,Number of Pages,Year Published,Original Publication Year,Date Read,Date Added,Bookshelves,Bookshelves with positions,Exclusive Shelf,My Review,Spoiler,Private Notes,Read Count,Owned Copies
26008840,"Les Disparus du Clairdelune (La Passe-Miroir, #2)",Christelle Dabos,"Dabos, Christelle",,"=""2070661989""","=""9782070661985""",0,Gallimard,Paperback,560,2015,2015,,2026/08/15,currently-reading,currently-reading (#1),currently-reading,,,,1,0
40969531,"A Winter's Promise (The Mirror Visitor, #1)",Christelle Dabos,"Dabos, Christelle",Hildegarde Serle,"=""1787701425""","=""9781787701427""",3.0,Europa Editions,Kindle Edition,446,2018,2013,2026/08/26,2026/08/15,,,read,,,,1,0
117833,The Master and Margarita,Mikhail Bulgakov,"Bulgakov, Mikhail","Diana Lewis Burgin, Katherine Tiernan O'Connor, Ellendea Proffer, Hans Fronius, Михаил Булгаков","=""0679760806""","=""9780679760801""",0,Vintage International,Paperback,372,1996,1925,,2026/08/25,to-read,to-read (#9),to-read,,,,0,0
3836,Don Quixote,Miguel de Cervantes Saavedra,"Saavedra, Miguel de Cervantes","Roberto González Echevarría, John Rutherford","=""""","=""""",0,Penguin Books,Paperback,1023,2003,1605,,2026/08/25,to-read,to-read (#8),to-read,,,,0,0
19089,Middlemarch,George Eliot,"Eliot, George",Michel Faber,"=""0451529170""","=""9780451529176""",0,Signet,Mass Market Paperback,912,2003,1872,,2026/08/25,to-read,to-read (#7),to-read,,,,0,0
233029866,The Next Renaissance: AI and the Expansion of Human Potential,Zack Kass,"Kass, Zack",,"=""1394381085""","=""9781394381081""",0,Wiley,Hardcover,256,2026,,,2026/08/25,to-read,to-read (#6),to-read,,,,0,0
199264,The Temple: The Poetry of George Herbert,George Herbert,"Herbert, George",Henry L. Carrigan Jr.,"=""1557252599""","=""9781557252593""",2.0,Paraclete Pr,Paperback,212,2001,1633,2026/08/21,2026/08/17,,,read,,,,1,0
10775,The Garden of Eden,Ernest Hemingway,"Hemingway, Ernest",Charles Scribner Jr.,"=""0684804522""","=""9780684804521""",3.0,Scribner ,Paperback,248,2003,1986,2026/08/14,2021/01/30,,,read,,,,1,0
58724607,The City Inside,Samit Basu,"Basu, Samit",,"=""1250827485""","=""9781250827487""",2.0,Tor Books,Hardcover,244,2022,2020,2026/08/13,2022/06/02,,,read,,,,1,0
58659343,Our Wives Under the Sea,Julia Armfield,"Armfield, Julia",,"=""152901722X""","=""9781529017229""",4.0,Picador,Paperback,240,2022,2022,2026/08/11,2022/10/08,,,read,,,,1,0
18075234,Challenger Deep,Neal Shusterman,"Shusterman, Neal",Brendan Shusterman,"=""""","=""""",5.0,HarperCollins,ebook,320,2015,2015,2026/08/11,2019/11/17,,,read,,,,1,0
53138095,"A ​Court of Silver Flames (A Court of Thorns and Roses, #5)",Sarah J. Maas,"Maas, Sarah J.",,"=""168119628X""","=""9781681196282""",0,Bloomsbury Publishing,Hardcover,757,2021,2021,,2026/06/14,to-read,to-read (#4),to-read,,,,0,0
50659472,"A Court of Wings and Ruin (A Court of Thorns and Roses, #3)",Sarah J. Maas,"Maas, Sarah J.",,"=""1635575605""","=""9781635575606""",0,Bloomsbury Publishing,Paperback,699,2020,2017,,2026/06/14,to-read,to-read (#2),to-read,,,,0,0
50659471,"A Court of Frost and Starlight (A Court of Thorns and Roses, #4)",Sarah J. Maas,"Maas, Sarah J.",,"=""1635575621""","=""9781635575620""",0,Bloomsbury Publishing,Paperback,272,2020,2018,,2026/06/14,to-read,to-read (#3),to-read,,,,0,0
59576012,Miss Aldridge Regrets (Canary Club Mystery #1),Louise Hare,"Hare, Louise",,"=""0593439252""","=""9780593439258""",3.0,Berkley,Hardcover,368,2022,2022,2026/08/10,2026/08/09,,,read,,,,1,0
182096538,My Life with Sea Turtles: A Marine Biologist’s Quest to Protect One of the Most Ancient Animals on Earth,Christine Figgener,"Figgener, Christine",Jane Billinghurst,"=""1778400582""","=""9781778400582""",0,Greystone Books,Hardcover,280,2024,2023,,2026/08/10,to-read,to-read (#5),to-read,,,,0,0
57933338,Violeta,Isabel Allende,"Allende, Isabel",Frances Riddle,"=""0593496205""","=""9780593496206""",5.0,Ballantine Books,Paperback,322,2022,2022,2026/08/09,2021/12/28,,,read,,,,1,0
209439446,"Onyx Storm (The Empyrean, #3)",Rebecca Yarros,"Yarros, Rebecca",,"=""1649374186""","=""9781649374189""",5.0,Red Tower Books,Hardcover,544,2025,2025,2026/08/08,2026/08/02,,,read,,,,1,0
90202302,"Iron Flame (The Empyrean, #2)",Rebecca Yarros,"Yarros, Rebecca",,"=""1649374178""","=""9781649374172""",4.0,Entangled: Red Tower Books,Hardcover,623,2023,2023,2026/08/07,2026/08/02,,,read,,,,1,0
61431922,"Fourth Wing (The Empyrean, #1)",Rebecca Yarros,"Yarros, Rebecca",,"=""1649374046""","=""9781649374042""",4.0,Entangled: Red Tower Books,Hardcover,517,2023,2023,2026/08/04,2026/08/02,,,read,,,,1,0
50269327,Earthlings,Sayaka Murata,"Murata, Sayaka",Ginny Tapley Takemori,"=""1783785675""","=""9781783785674""",3.0,Granta Books,Hardcover,247,2020,2018,2026/08/03,2023/01/12,,,read,,,,1,0
50788186,Sisters,Daisy Johnson,"Johnson, Daisy",,"=""0593188950""","=""9780593188958""",3.0,Riverhead Books,Paperback,210,2020,2020,2026/08/02,2020/11/19,,,read,,,,1,0
50144,Kitchen,Banana Yoshimoto,"Yoshimoto, Banana","Megan Backus, Noguchi Rika","=""0802142443""","=""9780802142443""",3.0,Grove Press,Paperback,160,2006,1988,2026/08/01,2026/04/02,,,read,,,,1,0
53138132,Meet Me in Bombay,Jenny Ashcroft,"Ashcroft, Jenny",,"=""125027026X""","=""9781250270269""",4.0,St. Martin's Press,Hardcover,352,2021,2019,2026/08/01,2021/01/19,,,read,,,,1,0
239152335,Go Gentle,Maria Semple,"Semple, Maria",,"=""""","=""9798217176632""",3.0,G.P. Putnam's Sons,Hardcover,384,2026,2026,2026/07/30,2026/04/28,,,read,,,,1,0
218674082,The Amalfi Curse,Sarah Penner,"Penner, Sarah",,"=""0778308006""","=""9780778308003""",4.0,Park Row,Hardcover,336,2025,2025,2026/07/30,2026/07/13,,,read,,,,1,0
240424526,Half His Age,Jennette McCurdy,"McCurdy, Jennette",,"=""0593723732""","=""9780593723739""",2.0,Ballantine Books,Hardcover,288,2026,2026,2026/07/23,2026/01/25,,,read,,,,1,0
11012,Dubliners,James Joyce,"Joyce, James","Terence Brown, Jeri Johnson","=""""","=""""",4.0,Oxford University Press,Paperback,352,2001,1914,2026/07/23,2025/12/12,,,read,,,,1,0
35068534,Monday's Not Coming,Tiffany D. Jackson,"Jackson, Tiffany D.",,"=""0062422693""","=""9780062422699""",5.0,Katherine Tegen Books,ebook,448,2018,2018,2026/07/21,2020/07/08,,,read,,,,1,0
41720140,You Exist Too Much,Zaina Arafat,"Arafat, Zaina",,"=""1948226502""","=""9781948226509""",3.0,Catapult,Hardcover,263,2020,2020,2026/07/19,2020/08/28,,,read,,,,1,0
40528601,The Margot Affair,Sanaë Lemoine,"Lemoine, Sanaë",,"=""""","=""""",4.0,Hogarth,Hardcover,336,2020,2020,2026/07/17,2020/08/28,,,read,,,,1,0
81071872,Babylon Revisited (Little Clothbound Classics),F. Scott Fitzgerald,"Fitzgerald, F. Scott",,"=""0241630835""","=""9780241630839""",4.0,Penguin Classics,Hardcover,240,2023,1931,2026/07/15,2026/07/13,,,read,,,,1,0
16328,"The Murder of Roger Ackroyd (Hercule Poirot, #4)",Agatha Christie,"Christie, Agatha",,"=""1579126278""","=""9781579126278""",4.0,Black Dog & Leventhal Pub,Hardcover,288,2006,1926,2026/07/11,2023/06/15,,,read,,,,1,0
60435878,Carrie Soto Is Back,Taylor Jenkins Reid,"Reid, Taylor Jenkins",,"=""0593158687""","=""9780593158685""",5.0,Ballantine Books,Hardcover,384,2022,2022,2026/07/09,2022/06/10,,,read,,,,1,0
61361681,Clytemnestra,Costanza Casati,"Casati, Costanza",,"=""1728268230""","=""9781728268231""",5.0,Sourcebooks Landmark,Hardcover,435,2023,2023,2026/06/23,2023/01/14,,,read,,,,1,0
223296200,"Hekate - The Witch (Goddesses of the Underworld, #1)",Nikita Gill,"Gill, Nikita",,"=""0316581828""","=""9780316581820""",5.0,"Little, Brown Books for Young Readers",Hardcover,384,2025,2025,2026/06/19,2026/03/22,,,read,,,,1,0
54479,Around the World in Eighty Days,Jules Verne,"Verne, Jules","Brian W. Aldiss, Michael Glencross","=""014044906X""","=""9780140449068""",5.0,Penguin Books ,Paperback,252,2004,1872,2026/06/19,2019/07/27,,,read,,,,1,0
50659468,"A Court of Mist and Fury (A Court of Thorns and Roses, #2)",Sarah J. Maas,"Maas, Sarah J.",,"=""1635575583""","=""9781635575583""",0,Bloomsbury Publishing,Paperback,626,2020,2016,,2026/06/14,to-read,to-read (#1),to-read,,,,0,0
54416144,Home Is Not a Country,Safia Elhillo,"Elhillo, Safia",,"=""0593177053""","=""9780593177051""",4.0,Make Me a World,Hardcover,224,2021,2021,2026/06/14,2020/09/17,,,read,,,,1,0
138371909,Bonjour Tristesse (Little Clothbound Classics),Françoise Sagan,"Sagan, Françoise",,"=""0241630894""","=""9780241630891""",4.0,Penguin Classics,Hardcover,176,2023,1954,2026/06/13,2026/06/12,,,read,,,,1,0
57021127,Portrait of a Thief,Grace D. Li,"Li, Grace D.",,"=""0593184734""","=""9780593184738""",4.0,Tiny Reparations Books,Hardcover,375,2022,2022,2026/06/12,2022/04/20,,,read,,,,1,0
16297,"Cards on the Table (Hercule Poirot, #15)",Agatha Christie,"Christie, Agatha",,"=""0425205959""","=""9780425205952""",4.0,Berkley,Mass Market Paperback,324,2005,1936,2026/06/04,2023/06/15,,,read,,,,1,0
52649899,Wild Women and the Blues,Denny S.  Bryce,"Bryce, Denny S.",,"=""1496730089""","=""9781496730084""",3.0,Kensington,Paperback,352,2021,2021,2026/06/02,2021/06/28,,,read,,,,1,0
14028,Snow Country,Yasunari Kawabata,"Kawabata, Yasunari",Edward G. Seidensticker,"=""0679761047""","=""9780679761044""",4.0,Vintage,Paperback,175,1996,1948,2026/05/29,2022/12/17,,,read,,,,1,0
52857700,"House of Flame and Shadow (Crescent City, #3)",Sarah J. Maas,"Maas, Sarah J.",,"=""1681193094""","=""9781681193090""",5.0,Bloomsbury Publishing,ebook,835,2024,2024,2026/05/27,2025/12/29,,,read,,,,1,0
40132775,"House of Sky and Breath (Crescent City, #2)",Sarah J. Maas,"Maas, Sarah J.",,"=""1408884429""","=""9781408884423""",4.0,Bloomsbury Publishing,Hardcover,805,2022,2022,2026/05/24,2025/12/29,,,read,,,,1,0
840394,The Quick & Easy Way to Effective Speaking,Dale Carnegie,"Carnegie, Dale",,"=""2296023576""","=""9782296023574""",3.0,,Paperback,296,1962,1962,2026/05/21,2026/05/17,,,read,,,,1,0
181344829,"Bride (Bride, #1)",Ali Hazelwood,"Hazelwood, Ali",,"=""""","=""""",2.0,Berkley,Kindle Edition,410,2024,2024,2026/05/19,2026/04/28,,,read,,,,1,0
34490875,The Rome Affair,Karen Swan,"Swan, Karen",,"=""1509838015""","=""9781509838011""",3.0,Pan Macmillan,Paperback,400,2017,2017,2026/05/17,2024/12/30,,,read,,,,1,0
137404637,Il Principe,Niccolò Machiavelli,"Machiavelli, Niccolò",,"=""1015451373""","=""9781015451377""",3.0,Legare Street Press,Hardcover,204,2022,1513,2026/05/12,2026/05/11,,,read,,,,1,0
61126612,Alone With You in the Ether,Olivie Blake,"Blake, Olivie",,"=""1250888166""","=""9781250888167""",4.0,Tor Books,Hardcover,288,2022,2020,2026/05/10,2023/06/16,,,read,,,,1,0
247449391,Sweetbitter Song,Rosie Hewlett,"Hewlett, Rosie",,"=""178763731X""","=""9781787637313""",5.0,Bantam,Hardcover,486,2026,2026,2026/05/07,2026/05/04,,,read,,,,1,0
59151,Chess Story,Stefan Zweig,"Zweig, Stefan","Peter Gay, Joel Rotenberg, Стефан Цвайг","=""1590171691""","=""9781590171691""",4.0,NYRB Classics,Paperback,104,2005,1942,2026/05/04,2026/05/04,,,read,,,,1,0
991197,The Complete Persepolis,Marjane Satrapi,"Satrapi, Marjane",,"=""0375714839""","=""9780375714832""",4.0,Pantheon Books,Paperback,341,2007,2007,2026/05/04,2019/11/12,,,read,,,,1,0
59427493,"The Voyage Home (Women of Troy, #3)",Pat Barker,"Barker, Pat",,"=""0241568269""","=""9780241568262""",4.0,Penguin Books,Kindle Edition,320,2024,2024,2026/05/03,2023/11/29,,,read,,,,1,0
62057697,"Twisted Love (Twisted, #1)",Ana Huang,"Huang, Ana",,"=""1728274869""","=""9781728274867""",1.0,Bloom Books,Paperback,343,2022,2021,2026/05/03,2026/04/28,,,read,,,,1,0
44778083,"House of Earth and Blood (Crescent City, #1)",Sarah J. Maas,"Maas, Sarah J.",,"=""1635574048""","=""9781635574043""",5.0,Bloomsbury Publishing,Hardcover,803,2020,2020,2026/04/29,2025/12/29,,,read,,,,1,0
223889699,"The Secret of Secrets (Robert Langdon, #6)",Dan    Brown,"Brown, Dan",,"=""0385546890""","=""9780385546898""",5.0,Doubleday,Hardcover,677,2025,2025,2026/04/23,2025/12/29,,,read,,,,1,0
240139608,Tender Is the Flesh,Agustina Bazterrica,"Bazterrica, Agustina",Sarah Moses,"=""1982150920""","=""9781982150921""",4.0,Scribner,Paperback,209,2020,2017,2026/04/18,2026/04/16,,,read,,,,1,0
15823480,Anna Karenina,Leo Tolstoy,"Tolstoy, Leo","Aylmer Maude, Louise Maude, Dieter Wellershoff, Bruno Goetz, Lev Tolstoj","=""0345803922""","=""9780345803924""",5.0,Vintage,Paperback,964,2012,1878,2026/04/16,2024/12/30,,,read,,,,1,0
60442757,Black Mamba,William  Friend,"Friend, William",,"=""1838956557""","=""9781838956554""",4.0,Atlantic,Hardcover,320,2022,,2022/05/15,2022/05/11,,,read,"3.5 stars for the story, that extra 0.5 for the good writing.<br/><br/>When I saw the book, I was fascinated by the cover because it seemed very cool. I was even more intrigued by the plot, so I had to claim it in Readers First.<br/>After a bit of a struggle of getting it out of my post box, I started reading it immediately.<br/>The book itself is not very scary or horrifying, but disturbing because you are not quite sure what the hell is happening, but want to know what happens next. This book made me feel the same as when I watched those speculative documentaries on children who had memories ""from their past lives"", a bit troubled by the story but curious. <br/>Other than book a good horror book, it looked at grief and how families deal with it,  which is essentially what Black Mamba is based on. There is a lot that plays in the story and you are given quite some detail about it, but more in depth into Pippa and Julia's childhood would complete the story even more.<br/>I was expecting this book to have some odd supernatural things, but it did leave you with a sense of the story not being done, and the interpretation is quite open. Maybe a sequel?<br/><br/>I enjoyed this book quite a lot and it was a quick read. Also gorgeous, gorgeous cover",,,1,0
61439040,1984,George Orwell,"Orwell, George",Thomas Pynchon,"=""0452284236""","=""9780452284234""",5.0,Plume,Paperback,368,2022,1949,2026/03/24,2025/12/12,,,read,,,,1,0
154008491,The Rest is History: The Official Book from the Makers of the Hit Podcast,Tom Holland,"Holland, Tom",Dominic Sandbrook,"=""1526667703""","=""9781526667700""",4.0,Bloomsbury Publishing,Kindle Edition,524,2023,2023,2026/03/22,2024/12/30,,,read,,,,1,0
50892004,A Cuban Girl's Guide to Tea and Tomorrow,Laura Taylor Namey,"Namey, Laura Taylor",,"=""1534471243""","=""9781534471245""",4.0,Atheneum Books for Young Readers,Hardcover,308,2020,2020,2026/03/19,2022/08/03,,,read,,,,1,0
13153370,My Policeman,Bethan Roberts,"Roberts, Bethan",,"=""0701185848""","=""9780701185848""",4.0,Chatto & Windus,Hardcover,352,2012,2012,2026/03/15,2022/09/11,,,read,,,,1,0
136806359,Collected Plays: Volume 1,Wole Soyinka,"Soyinka, Wole",,"=""""","=""""",4.0,"Oxford University Press, U.S.A.",Paperback,,2007,1973,2026/03/11,2026/03/08,,,read,,,,1,0
536955,The Soul of a Butterfly: Reflections on Life's Journey,Muhammad Ali,"Ali, Muhammad",,"=""""","=""""",4.0,Simon & Schuster,Hardcover,256,2004,2004,2026/03/10,2024/01/18,,,read,,,,1,0
50224049,How to Kill Your Family,Bella Mackie,"Mackie, Bella",,"=""""","=""""",4.0,The Borough Press,Hardcover,355,2021,2021,2026/03/08,2021/12/28,,,read,,,,1,0
60099660,If You Could See the Sun,Ann Liang,"Liang, Ann",,"=""1335915842""","=""9781335915849""",4.0,Inkyard Press,Hardcover,346,2022,2022,2026/03/05,2023/01/12,,,read,,,,1,0
210223811,Katabasis,R.F. Kuang,"Kuang, R.F.",,"=""""","=""""",5.0,HarperVoyager,Kindle Edition,559,2025,2025,2026/03/04,2025/10/13,,,read,,,,1,0
49794584,Sanditon,Jane Austen,"Austen, Jane",,"=""0241433711""","=""9780241433713""",3.0,Penguin Classics,Paperback,196,2019,1871,2026/03/03,2026/03/01,,,read,,,,1,0
44098,The Inmates Are Running the Asylum: Why High Tech Products Drive Us Crazy and How to Restore the Sanity,Alan Cooper,"Cooper, Alan",,"=""""","=""""",4.0,Sams Publishing,Paperback,255,2004,1999,2026/02/23,2026/02/16,,,read,,,,1,0
132391,The Little Mermaid,Hans Christian Andersen,"Andersen, Hans Christian","Anthea Bell, Lisbeth Zwerger","=""""","=""""",5.0,Minedition,Hardcover,48,2004,1836,2026/02/21,2026/02/20,,,read,,,,1,0
56978109,Ophelia After All,Racquel Marie,"Marie, Racquel",,"=""1250797306""","=""9781250797308""",4.0,Feiwel & Friends,Hardcover,341,2022,2022,2026/02/15,2022/02/09,,,read,,,,1,0
61273854,Is This Normal?: Judgment-Free Straight Talk About Your Body,Jolene Brighten,"Brighten, Jolene",,"=""1982196394""","=""9781982196394""",4.0,S&S/Simon Element,Hardcover,480,2023,,2026/02/15,2026/02/11,,,read,,,,1,0
62119766,"The Luis Ortega Survival Club: A Powerful YA Novel of Consent, Justice, and Finding Your Voice as an Autistic Survivor",Sonora Reyes,"Reyes, Sonora",Sonido Reyes,"=""0063060302""","=""9780063060302""",4.0,Versify,Hardcover,320,2023,2023,2026/02/10,2023/09/10,,,read,,,,1,0
55336157,i am so tired of feeling this way.,Rhys  Harding,"Harding, Rhys",,"=""""","=""""",4.0,,ebook,50,2020,,2026/02/10,2023/01/12,,,read,,,,1,0
62047984,Yellowface,R.F. Kuang,"Kuang, R.F.",,"=""""","=""""",4.0,William Morrow,Paperback,319,2023,2023,2026/02/10,2025/12/28,,,read,,,,1,0
80342136,Calypso in London (Little Clothbound Classics),Sam Selvon,"Selvon, Sam",,"=""0241630878""","=""9780241630877""",5.0,Penguin Classics,Hardcover,160,2023,,2026/02/09,2026/01/09,,,read,,,,1,0
58678549,The No-Show,Beth O'Leary,"O'Leary, Beth",,"=""0593438442""","=""9780593438442""",4.0,Berkley,Paperback,337,2022,2022,2026/02/09,2026/02/04,,,read,,,,1,0
74253854,The Design of Everyday Things: Revised and Expanded Edition,Donald A. Norman,"Norman, Donald A.",,"=""""","=""""",4.0,Basic Books,Kindle Edition,368,2013,1988,2026/02/06,2026/01/27,,,read,,,,1,0
54493401,Project Hail Mary,Andy Weir,"Weir, Andy",,"=""0593135202""","=""9780593135204""",5.0,Ballantine Books,Hardcover,476,2021,2021,2026/01/27,2025/12/29,,,read,,,,1,0
236814,Berlin Noir: March Violets / The Pale Criminal / A German Requiem (Bernie Gunther #1-3),Philip Kerr,"Kerr, Philip",,"=""0140231706""","=""9780140231700""",3.0,G.P. Putnam's Sons,Paperback,834,1993,1993,2026/01/24,2024/12/30,,,read,,,,1,0
18521,A Room of One’s Own,Virginia Woolf,"Woolf, Virginia",,"=""""","=""""",4.0,Penguin Books,Paperback,112,2000,1929,2026/01/14,2023/09/10,,,read,,,,1,0
5797,Vanity Fair,William Makepeace Thackeray,"Thackeray, William Makepeace",John Carey,"=""""","=""""",4.0,Penguin Books,Paperback,867,2003,1847,2026/01/10,2022/04/24,,,read,,,,1,0
15686,The Outsider,Albert Camus,"Camus, Albert",Joseph Laredo,"=""0141182504""","=""9780141182506""",4.0,Penguin Group,Paperback,119,2006,1942,2025/12/30,2025/12/28,,,read,,,,1,0
32261,Tess of the D’Urbervilles,Thomas Hardy,"Hardy, Thomas","Margaret R. Higonnet, Tim Dolin","=""""","=""""",5.0,Penguin Classics,Paperback,518,2003,1891,2025/12/28,2024/12/30,,,read,,,,1,0
53738576,Failosophy: A Handbook For When Things Go Wrong,Elizabeth  Day,"Day, Elizabeth",,"=""0008420386""","=""9780008420383""",4.0,Fourth Estate,Hardcover,112,2020,,2025/12/26,2025/12/09,,,read,,,,1,0
61335034,The Nutcracker,E.T.A. Hoffmann,"Hoffmann, E.T.A.","Joachim Neugroschel, R.J. Hollingdale, Sally Hayward","=""0241597064""","=""9780241597064""",4.0,Penguin Classics,Hardcover,208,2022,1816,2025/12/25,2025/12/24,,,read,,,,1,0
42834121,Transurfing in 78 Days — A Practical Course in Creating Your Own Reality,Vadim Zeland,"Zeland, Vadim",,"=""""","=""""",1.0,Ves Publishing Group,ebook,103,2018,2008,2025/12/25,2025/12/09,,,read,,,,1,0
48564330,Betty,Tiffany   McDaniel,"McDaniel, Tiffany",,"=""052565707X""","=""9780525657071""",5.0,Knopf,Hardcover,480,2020,2020,2025/12/22,2023/06/11,,,read,,,,1,0
61218611,Sexploration: A Reverse Age Gap Romantic Comedy (The Art of Sex Book 1),Amber Danielle,"Danielle, Amber","Tinley Blake, A.D. McCammon","=""""","=""""",3.0,,Kindle Edition,230,2022,,2025/12/17,2022/07/18,,,read,,,,1,0
20527879,They All Fall Down,Roxanne St. Claire,"Claire, Roxanne St.",,"=""0385742711""","=""9780385742719""",3.0,Delacorte Press,Hardcover,352,2014,2014,2025/12/16,2020/07/16,,,read,,,,1,0
343,Perfume: The Story of a Murderer,Patrick Süskind,"Süskind, Patrick",John E. Woods,"=""""","=""""",4.0,Penguin Books,Paperback,263,1987,1985,2025/12/12,2024/01/14,,,read,,,,1,0
3876,The Sun Also Rises,Ernest Hemingway,"Hemingway, Ernest",,"=""""","=""""",4.0,Pan Books,Paperback,189,1957,1926,2025/12/11,2024/01/12,,,read,,,,1,0
18839,Orlando,Virginia Woolf,"Woolf, Virginia","Sandra M. Gilbert, Brenda Lyons","=""0141184272""","=""9780141184272""",4.0,Modern Classics,Paperback,336,2000,1928,2025/12/10,2024/12/30,,,read,,,,1,0
76546,The Wild Iris,Louise Glück,"Glück, Louise",,"=""0880013346""","=""9780880013345""",4.0,Ecco,Paperback,65,1993,1992,2025/12/09,2025/12/09,,,read,,,,1,0
55297669,"Love & Other Disasters (Nashville Love, #1)",Anita Kelly,"Kelly, Anita",,"=""1538754851""","=""9781538754856""",3.0,Forever,Kindle Edition,384,2022,2022,2025/12/08,2023/01/12,,,read,,,,1,0
30753713,"The Kremlin's Candidate (Red Sparrow Trilogy, #3)",Jason  Matthews,"Matthews, Jason",,"=""1501140086""","=""9781501140082""",4.0,Scribner,Hardcover,435,2018,2018,2025/12/06,2025/11/25,,,read,,,,1,0
22609257,"Palace of Treason (Red Sparrow Trilogy, #2)",Jason  Matthews,"Matthews, Jason",,"=""1476793743""","=""9781476793740""",3.0,Scribner,Hardcover,480,2015,2015,2025/11/25,2025/11/20,,,read,,,,1,0
15803037,"Red Sparrow (Red Sparrow Trilogy, #1)",Jason  Matthews,"Matthews, Jason",,"=""1476706123""","=""9781476706122""",4.0,Scribner,Hardcover,434,2013,2013,2025/11/20,2021/05/29,,,read,,,,1,0
182126946,A History of Women in 101 Objects,Annabelle Hirsch,"Hirsch, Annabelle",Eleanor Updegraff,"=""0593728750""","=""9780593728758""",4.0,Crown,Hardcover,432,2024,2022,2025/11/13,2025/11/07,,,read,,,,1,0
57693648,Yerba Buena,Nina LaCour,"LaCour, Nina",,"=""1250810469""","=""9781250810465""",4.0,Flatiron Books,Hardcover,304,2022,2022,2025/11/04,2022/10/08,,,read,,,,1,0
25242224,"The Story of the Lost Child (Neapolitan Novels, #4)",Elena Ferrante,"Ferrante, Elena",Ann Goldstein,"=""1609452860""","=""9781609452865""",5.0,Europa Editions,Paperback,473,2015,2014,2025/11/01,2025/10/27,,,read,,,,1,0
23156040,"Those Who Leave and Those Who Stay (Neapolitan Novels, #3)",Elena Ferrante,"Ferrante, Elena",Ann Goldstein,"=""""","=""""",5.0,Europa Editions,Paperback,418,2014,2013,2025/10/27,2025/10/21,,,read,,,,1,0
17465515,"The Story of a New Name (Neapolitan Novels, #2)",Elena Ferrante,"Ferrante, Elena",Ann Goldstein,"=""""","=""""",5.0,Europa Editions,Paperback,471,2013,2012,2025/10/21,2025/10/17,,,read,,,,1,0
48037,Carmilla,J. Sheridan Le Fanu,"Fanu, J. Sheridan Le",Karl Wurf,"=""0809510839""","=""9780809510832""",4.0,Wildside Press,Paperback,108,2000,1872,2025/10/17,2025/09/21,,,read,,,,1,0
38457091,"My Brilliant Friend (Neapolitan Novels, #1)",Elena Ferrante,"Ferrante, Elena",Ann Goldstein,"=""""","=""""",5.0,Europa Editions,Kindle Edition,387,2012,2011,2025/10/17,2025/10/09,,,read,,,,1,0
36005,Baumgartner's Bombay,Anita Desai,"Desai, Anita",,"=""0618056807""","=""9780618056804""",3.0,Harper Perennial,Paperback,240,2000,1989,2025/10/13,2025/10/10,,,read,,,,1,0
61432234,Breakfast at Tiffany's,Truman Capote,"Capote, Truman",,"=""0241597269""","=""9780241597262""",3.0,PENGUIN,Hardcover,144,2022,1958,2025/07/22,2025/07/20,,,read,,,,1,0
33229395,Three Things About Elsie,Joanna  Cannon,"Cannon, Joanna",,"=""0008196915""","=""9780008196912""",4.0,The Borough Press,Hardcover,464,2018,2018,2025/10/10,2024/12/30,,,read,,,,1,0
34523270,How We Talk: The Inner Workings of Conversation,N.J. Enfield,"Enfield, N.J.",,"=""0465059945""","=""9780465059942""",3.0,Basic Books,Hardcover,257,2017,2017,2025/10/07,2025/09/22,,,read,,,,1,0
76715522,"Kingdom of Ash (Throne of Glass, #7)",Sarah J. Maas,"Maas, Sarah J.",,"=""1639731067""","=""9781639731060""",5.0,Bloomsbury Publishing,Hardcover,984,2023,2018,2025/10/06,2025/08/12,,,read,,,,1,0
76714487,"Tower of Dawn (Throne of Glass, #6)",Sarah J. Maas,"Maas, Sarah J.",,"=""1639731040""","=""9781639731046""",4.0,Bloomsbury Publishing,Hardcover,688,2023,2017,2025/09/21,2025/08/12,,,read,"Reading this as part of the tandem read, where Empire of Storms and Tower of Dawn are mixed into one book and the chapters are organised in a way that makes perfect sense, made this a lot of more enjoyable.",,,1,0
76713323,"Empire of Storms (Throne of Glass, #5)",Sarah J. Maas,"Maas, Sarah J.",,"=""1639731024""","=""9781639731022""",4.0,Bloomsbury Publishing,Hardcover,733,2023,2016,2025/09/21,2025/08/12,,,read,,,,1,0
241729032,"Please sit next to me while I unknot my feelings: Notes app confessions of love, heartbreak, and finding yourself",Ilenia Maietta,"Maietta, Ilenia",,"=""""","=""""",5.0,,Kindle Edition,88,2025,,,2025/09/19,,,read,I wrote this so I am giving it 5/5 stars,,,1,0
203164105,Cults: Coercion and Control: The World's Most Notorious Cults [And the People Who Escaped Them],Jamie King,"King, Jamie",,"=""1837992800""","=""9781837992805""",3.0,Summersdale,Paperback,320,2024,2024,2025/09/15,2025/09/15,,,read,,,,1,0
76707900,"Queen of Shadows (Throne of Glass, #4)",Sarah J. Maas,"Maas, Sarah J.",,"=""1639731008""","=""9781639731008""",5.0,Bloomsbury Publishing,Hardcover,648,2023,2015,2025/09/14,2025/08/12,,,read,,,,1,0
76706470,"Heir of Fire (Throne of Glass, #3)",Sarah J. Maas,"Maas, Sarah J.",,"=""""","=""""",4.0,Bloomsbury USA Childrens,Hardcover,576,2023,2014,2025/09/10,2025/08/12,,,read,,,,1,0
95558,Solaris,Stanisław Lem,"Lem, Stanisław","Steve Cox, Joanna Kilmartin","=""""","=""""",4.0,Harcourt,Paperback,204,2002,1961,2025/09/04,2025/08/12,,,read,,,,1,0
36412998,The Stars and the Blackness Between Them,Junauda Petrus,"Petrus, Junauda",,"=""052555548X""","=""9780525555483""",4.0,Dutton Books for Young Readers,Hardcover,312,2019,2019,2025/09/04,2022/08/21,,,read,,,,1,0
50028315,The Road With No Return,Andrzej Sapkowski,"Sapkowski, Andrzej",,"=""""","=""""",5.0,,ebook,43,2015,,2020/05/07,2020/05/07,,,read,,,,1,0
51582376,The Secret Lives of Church Ladies,Deesha Philyaw,"Philyaw, Deesha",,"=""1949199738""","=""9781949199734""",4.0,West Virginia University Press,Paperback,179,2020,2020,2025/08/31,2025/08/30,,,read,,,,1,0
15797027,Mundo Cruel: Stories (Lambda Literary Awards - Gay Fiction),Luis Negrón,"Negrón, Luis",Suzanne Jill Levine,"=""160980418X""","=""9781609804183""",3.0,Seven Stories Press,Paperback,96,2013,2010,2025/08/30,2024/01/10,,,read,,,,1,0
52894593,The Lion's Den,Katherine St. John,"John, Katherine St.",,"=""1538733633""","=""9781538733639""",4.0,Grand Central Publishing,Hardcover,368,2020,2020,2025/08/30,2020/08/28,,,read,,,,1,0
91274427,What You Are Looking for Is in the Library,Michiko Aoyama,"Aoyama, Michiko",Alison Watts,"=""1335005625""","=""9781335005625""",4.0,Hanover Square Press,Hardcover,304,2023,2020,2025/08/29,2023/09/10,,,read,,,,1,0
52766407,"Today Tonight Tomorrow (Rowan & Neil, #1)",Rachel Lynn Solomon,"Solomon, Rachel Lynn",,"=""1534440240""","=""9781534440241""",3.0,Simon Pulse,Hardcover,364,2020,2020,2025/08/27,2022/04/29,,,read,,,,1,0
76705490,"Crown of Midnight (Throne of Glass, #2)",Sarah J. Maas,"Maas, Sarah J.",,"=""1639730966""","=""9781639730964""",4.0,Bloomsbury Publishing,Hardcover,420,2023,2013,2025/08/26,2025/08/12,,,read,,,,1,0
13082435,Água Viva,Clarice Lispector,"Lispector, Clarice","Stefan Tobler, Benjamin Moser","=""0811219909""","=""9780811219907""",3.0,New Directions,Paperback,88,2012,1973,2025/08/24,2023/09/10,,,read,,,,1,0
76703559,"Throne of Glass (Throne of Glass, #1)",Sarah J. Maas,"Maas, Sarah J.",,"=""163973094X""","=""9781639730940""",4.0,Bloomsbury Publishing,Hardcover,406,2023,2012,2025/08/23,2025/08/12,,,read,,,,1,0
59344312,Verity,Colleen Hoover,"Hoover, Colleen",,"=""""","=""""",1.0,Grand Central Publishing,ebook,336,2021,2018,2025/08/21,2025/08/21,,,read,,,,1,0
55710822,"Better Than the Movies (Better Than the Movies, #1)",Lynn Painter,"Painter, Lynn",,"=""1534467629""","=""9781534467620""",3.0,Simon & Schuster Books for Young Readers,Hardcover,356,2021,2021,2025/08/21,2022/10/08,,,read,,,,1,0
126062562,"The Assassin's Blade (Throne of Glass, #0.1-0.5)",Sarah J. Maas,"Maas, Sarah J.",,"=""1619632217""","=""9781619632219""",4.0,Bloomsbury Publishing,Kindle Edition,451,2023,2014,2025/08/20,2025/08/12,,,read,,,,1,0
12088899,"Londoners: The Days and Nights of London Now - As Told by Those Who Love It, Hate It, Live It, Left It, and Long for It",Craig Taylor,"Taylor, Craig",,"=""0062005855""","=""9780062005854""",4.0,Ecco,Hardcover,448,2012,2021,2025/08/18,2025/06/20,,,read,,,,1,0
11991,The Fall (Vintage International),Albert Camus,"Camus, Albert",Justin O'Brien,"=""0679720227""","=""9780679720225""",3.0,Vintage Books,Paperback,147,1991,1956,2025/08/17,2024/01/15,,,read,,,,1,0
43889703,The Man Who Solved the Market: How Jim Simons Launched the Quant Revolution,Gregory Zuckerman,"Zuckerman, Gregory",,"=""0241309727""","=""9780241309728""",4.0,Portfolio Penguin,Paperback,359,2019,2019,2025/08/12,2025/06/27,,,read,,,,1,0
114737,"It's Not How Good You Are, It's How Good You Want To Be",Paul Arden,"Arden, Paul",,"=""0714843377""","=""9780714843377""",3.0,Phaidon Press,Paperback,128,2007,2003,2025/08/11,2022/04/28,,,read,,,,1,0
56034979,Per come ti guardo ti ho già detto troppo: Poesie per i tuoi occhi (Italian Edition),Francesco Piscitelli,"Piscitelli, Francesco",,"=""""","=""""",3.0,,Kindle Edition,77,2020,,2025/08/10,2023/10/19,,,read,,,,1,0
9216051,Lolita,Vladimir Nabokov,"Nabokov, Vladimir",,"=""""","=""""",4.0,Vintage,Kindle Edition,376,2010,1955,2025/08/10,2024/12/30,,,read,,,,1,0
52199304,"The World for Sale: Money, Power and the Traders Who Barter the Earth’s Resources",Javier Blas,"Blas, Javier",Jack Farchy,"=""1847942660""","=""9781847942661""",4.0,Random House Business,Paperback,410,2020,2021,2025/07/29,2025/06/27,,,read,,,,1,0
49624654,"The Trouble with Hating You (The Trouble with Hating You, #1)",Sajni Patel,"Patel, Sajni",,"=""1538733331""","=""9781538733332""",3.0,Forever,Paperback,336,2020,2020,2025/07/15,2023/01/12,,,read,,,,1,0
55873673,"Some Call It Love (Sweet Dreams, #1)",Drea St. James,"James, Drea St.",Sarah Peis,"=""""","=""""",2.0,Hexatorial,ebook,245,2020,2017,2025/07/06,2025/07/03,,,read,,,,1,0
35133922,Educated,Tara Westover,"Westover, Tara",,"=""0399590501""","=""9780399590504""",4.0,Random House,Hardcover,352,2018,2018,2025/07/04,2023/09/10,,,read,,,,1,0
17788401,Ugly Love,Colleen Hoover,"Hoover, Colleen",,"=""""","=""""",2.0,Atria Books,Kindle Edition,330,2014,2014,2025/06/29,2025/06/28,,,read,,,,1,0
62627512,"It Ends with Us (It Ends with Us, #1)",Colleen Hoover,"Hoover, Colleen",,"=""""","=""""",3.0,Atria Books,Hardcover,373,2023,2016,2025/06/26,2025/06/25,,,read,,,,1,0
29227774,"Light Bringer (Red Rising Saga, #6)",Pierce Brown,"Brown, Pierce",,"=""1473646804""","=""9781473646803""",5.0,Hodder & Stoughton,Hardcover,682,2023,2023,2025/06/24,2025/03/14,,,read,,,,1,0
58932964,"Hey, Good Luck Out There",Georgia Toews,"Toews, Georgia",,"=""038569671X""","=""9780385696715""",2.0,Doubleday Canada,Hardcover,336,2022,2022,2025/06/11,2023/09/13,,,read,,,,1,0
29226553,"Dark Age (Red Rising Saga, #5)",Pierce Brown,"Brown, Pierce",,"=""0425285952""","=""9780425285954""",5.0,Del Rey,ebook,704,2019,2019,2025/06/09,2025/03/14,,,read,,,,1,0
33257757,"Iron Gold (Red Rising Saga, #4)",Pierce Brown,"Brown, Pierce",,"=""""","=""""",5.0,Del Rey,Hardcover,602,2018,2018,2025/05/26,2025/03/14,,,read,,,,1,0
23898843,Notre-Dame de Paris: Il gobbo di Notre Dame,Victor Hugo,"Hugo, Victor",,"=""""","=""""",4.0,,Kindle Edition,437,2013,1831,2025/05/16,2024/12/30,,,read,,,,1,0
18966806,"Morning Star (Red Rising Saga, #3)",Pierce Brown,"Brown, Pierce",,"=""""","=""""",5.0,Del Rey,Hardcover,524,2016,2016,2025/04/20,2025/03/14,,,read,,,,1,0
774368,Tales from the Thousand and One Nights,Anonymous,"Anonymous, Anonymous","N.J. Dawood, William    Harvey","=""0140442898""","=""9780140442892""",3.0,Penguin Classics,Paperback,416,1973,1775,2025/04/07,2024/12/30,,,read,,,,1,0
18966819,"Golden Son (Red Rising Saga, #2)",Pierce Brown,"Brown, Pierce",,"=""0345539826""","=""9780345539823""",5.0,Del Rey,ebook,466,2015,2015,2025/03/30,2025/03/14,,,read,,,,1,0
13689697,Everyday Cryptography: Fundamental Principles and Applications,Keith M. Martin,"Martin, Keith M.",,"=""0199695598""","=""9780199695591""",5.0,Oxford University Press,Paperback,560,2012,2012,2025/03/14,2025/01/24,,,read,Amazing book on cryptography but my midterm made me cry,,,1,0
15839976,"Red Rising (Red Rising Saga, #1)",Pierce Brown,"Brown, Pierce",,"=""""","=""""",5.0,Del Rey,Hardcover,382,2014,2014,2025/03/14,2025/03/04,,,read,,,,1,0
50997696,Outlawed,Anna North,"North, Anna",,"=""""","=""""",3.0,Bloomsbury Publishing,Hardcover,261,2021,2021,2025/03/03,2022/10/08,,,read,,,,1,0
171681821,The Anxious Generation: How the Great Rewiring of Childhood Caused an Epidemic of Mental Illness,Jonathan Haidt,"Haidt, Jonathan",,"=""0593655036""","=""9780593655030""",4.0,Penguin Press,Hardcover,385,2024,2024,2025/02/19,2024/11/23,,,read,,,,1,0
63830204,Steady For This,Nathanael Lessore,"Lessore, Nathanael",,"=""1471413225""","=""9781471413223""",4.0,Hot Key Books,Paperback,320,2023,,2023/05/08,2023/05/04,,,read,"This was such a sweet and light-hearted story that put a smile on my face. It is refreshing to see a story about the part of London that is not the one you see on advertisements and magazines, but the real part of London, where Londoners actually live. It was such a story that also shines some light on the horrors of local councils always breathing down everyone's necks, especially today in a cost of living crisis. <br/>The story with Growls was wonderful, and he is exactly every other teenager who was born and raised in London, from his speech to his thoughts. This guy was hilarious and also lovely, because how he showed his friends and his family he loved them without holding back, how he worked hard to help his family, and how he supported his friend Shawls through and through. I also loved his reaction to counselling. Also, it was great to see the impact a teacher can have on a child during their school years, and even if briefly shown, the impact is felt greatly.<br/>Amazing cover and even more amazing book!",,,1,0
48890486,Breath: The New Science of a Lost Art,James Nestor,"Nestor, James",,"=""0735213615""","=""9780735213616""",5.0,Riverhead Books,Hardcover,280,2020,2020,2025/02/02,2024/12/30,,,read,,,,1,0
123008168,"My Dark Romeo (Dark Prince Road, #1)",Parker S. Huntington,"Huntington, Parker S.",L.J. Shen,"=""1950209075""","=""9781950209071""",2.0,PSH Publishing,Paperback,366,2023,2023,2025/01/23,2024/12/30,,,read,,,,1,0
62978909,The Awakening (Little Clothbound Classics),Kate Chopin,"Chopin, Kate",,"=""0241630789""","=""9780241630785""",3.0,Penguin Classics,Hardcover,224,2023,1899,2025/01/18,2024/12/30,,,read,,,,1,0
80342135,The Imitation of the Rose,Clarice Lispector,"Lispector, Clarice",,"=""0241630843""","=""9780241630846""",4.0,Penguin Classics,Hardcover,192,2023,1973,2025/01/12,2024/12/30,,,read,,,,1,0
179946109,Medea,Rosie Hewlett,"Hewlett, Rosie",,"=""1529909198""","=""9781529909197""",5.0,Transworld,Kindle Edition,432,2024,2024,2025/01/07,2024/12/30,,,read,,,,1,0
44294655,A Certain Hunger,Chelsea G. Summers,"Summers, Chelsea G.",,"=""""","=""""",4.0,Audible Studios,Paperback,250,2019,2019,2024/12/30,2024/12/27,,,read,,,,1,0
199270889,I See You in My Dreams,Laura    May,"May, Laura",,"=""1956183361""","=""9781956183368""",2.0,Creative James Media,Paperback,280,2024,,2024/12/26,2023/11/10,,,read,,,,1,0
54173267,Happy Hour,Marlowe Granados,"Granados, Marlowe",,"=""1989919006""","=""9781989919002""",3.0,Flying Books,Paperback,280,2020,2020,2024/12/14,2022/11/05,,,read,,,,1,0
57693584,If an Egyptian Cannot Speak English,Noor Naga,"Naga, Noor",,"=""164445081X""","=""9781644450819""",3.0,Graywolf Press,Paperback,194,2022,2022,2024/12/02,2023/01/12,,,read,,,,1,0
58733693,Remarkably Bright Creatures,Shelby Van Pelt,"Pelt, Shelby Van",,"=""0063204150""","=""9780063204157""",4.0,Ecco,Hardcover,360,2022,2022,2024/11/22,2024/11/25,,,read,,,,1,0
60320924,Love from Mecca to Medina,S.K. Ali,"Ali, S.K.",,"=""1665916079""","=""9781665916073""",3.0,Salaam Reads / Simon & Schuster Books for Young Readers,Hardcover,352,2022,2022,2024/11/13,2022/10/08,,,read,,,,1,0
12914,The Aeneid,Virgil,"Virgil, Virgil",Robert Fitzgerald,"=""0679729526""","=""9780679729525""",3.0,Vintage,Paperback,442,1990,-19,2024/11/01,2022/04/23,,,read,,,,1,0
1381,The Odyssey,Homer,"Homer, Homer","Robert Fagles, Bernard Knox","=""0143039954""","=""9780143039952""",4.0,Penguin Classics ,Paperback,541,2006,-750,2024/10/25,2024/10/10,,,read,,,,1,0
59470553,Lies We Sing to the Sea,Sarah  Underwood,"Underwood, Sarah",,"=""""","=""""",4.0,HarperTeen,Hardcover,432,2023,2023,2024/10/10,2023/01/14,,,read,,,,1,0
41210713,Money: A Users Guide,Laura Whateley,"Whateley, Laura",,"=""0008308314""","=""9780008308315""",4.0,Fourth Estate Ltd,Paperback,364,2023,2018,2024/10/09,2022/04/28,,,read,,,,1,0
187016352,Divine Might: Goddesses in Greek Myth,Natalie Haynes,"Haynes, Natalie",,"=""0063377098""","=""9780063377097""",4.0,Harper,Hardcover,259,2024,2023,2024/09/24,2024/09/15,,,read,,,,1,0
61885131,Gwen & Art Are Not in Love,Lex Croucher,"Croucher, Lex",,"=""1250847214""","=""9781250847218""",3.0,Wednesday Books,Hardcover,410,2023,2023,2024/09/15,2023/01/22,,,read,,,,1,0
22609341,Come as You Are: The Surprising New Science that Will Transform Your Sex Life,Emily Nagoski,"Nagoski, Emily",,"=""1476762090""","=""9781476762098""",4.0,Simon & Schuster,Paperback,400,2015,2015,2024/08/31,2024/08/25,,,read,,,,1,0
57941315,The Temperature of Me and You,Brian Zepka,"Zepka, Brian",,"=""136806471X""","=""9781368064712""",3.0,Disney Hyperion,Hardcover,412,2022,2022,2024/08/29,2023/01/14,,,read,,,,1,0
61713106,I Fell in Love With Hope,Lancali,"Lancali, Lancali",,"=""""","=""9798986599601""",3.0,Lancali LLC,Paperback,402,2022,2022,2024/08/26,2022/08/19,,,read,,,,1,0
56755542,Not Here to Be Liked,Michelle Quach,"Quach, Michelle",,"=""0063038366""","=""9780063038363""",3.0,HarperCollins,Hardcover,384,2021,2021,2024/08/24,2023/01/12,,,read,,,,1,0
56980451,For All Time,Shanna Miles,"Miles, Shanna",,"=""153448597X""","=""9781534485976""",3.0,Simon & Schuster Books for Young Readers,Hardcover,368,2021,2021,2024/08/22,2023/01/14,,,read,,,,1,0
62047992,"Days at the Morisaki Bookshop (Days at the Morisaki Bookshop, #1)",Satoshi Yagisawa,"Yagisawa, Satoshi",Eric Ozawa,"=""0063278677""","=""9780063278677""",4.0,Harper Perennial,Paperback,150,2023,2010,2024/08/19,2023/09/10,,,read,,,,1,0
58931216,Out of the Blue,Jason June,"June, Jason",,"=""006301520X""","=""9780063015203""",4.0,HarperTeen,Hardcover,375,2022,2022,2024/08/16,2022/07/18,,,read,,,,1,0
58007262,Partners in Crime,Alisha Rai,"Rai, Alisha",,"=""0063119463""","=""9780063119468""",4.0,Avon,Paperback,400,2022,2022,2024/08/14,2023/01/12,,,read,,,,1,0
58842731,The Lesbiana's Guide to Catholic School,Sonora Reyes,"Reyes, Sonora",Sonido Reyes,"=""006306023X""","=""9780063060234""",4.0,Versify,Hardcover,385,2022,2022,2024/08/13,2022/12/17,,,read,,,,1,0
34313931,A Woman Is No Man,Etaf Rum,"Rum, Etaf",,"=""0062699768""","=""9780062699763""",5.0,Harper,Hardcover,339,2019,2019,2024/08/12,2019/11/05,,,read,,,,1,0
58065414,Funny You Should Ask,Elissa Sussman,"Sussman, Elissa",,"=""0593357329""","=""9780593357323""",3.0,Dell,Paperback,340,2022,2022,2024/08/11,2022/12/17,,,read,,,,1,0
160726189,Duet Me Not,Lilian Li,"Li, Lilian",,"=""6299829001""","=""9786299829003""",4.0,Lilian Li,Paperback,355,2023,2023,2024/08/10,2023/06/11,,,read,,,,1,0
60151826,I'm a Fan,Sheena Patel,"Patel, Sheena",,"=""""","=""""",4.0,Rough Trade Books,Unknown Binding,207,2022,2022,2024/08/09,2023/12/28,,,read,,,,1,0
195430687,Blue Sisters,Coco Mellors,"Mellors, Coco",,"=""0593723767""","=""9780593723760""",5.0,Ballantine Books,Hardcover,352,2024,2024,2024/08/08,2024/06/08,,,read,,,,1,0
57500766,Love in the Big City,Sang Young Park,"Park, Sang Young",Anton Hur,"=""0802158781""","=""9780802158789""",3.0,Grove Press,Hardcover,240,2021,2019,2024/08/02,2023/01/14,,,read,,,,1,0
58543750,A Show for Two,Tashie Bhuiyan,"Bhuiyan, Tashie",,"=""1335424563""","=""9781335424563""",4.0,Inkyard Press,Hardcover,416,2022,2022,2024/08/01,2024/07/30,,,read,,,,1,0
60567899,In a Thousand Different Ways,Cecelia Ahern,"Ahern, Cecelia",,"=""0008194971""","=""9780008194970""",5.0,HarperCollins,Hardcover,336,2023,2023,2024/07/29,2024/07/22,,,read,,,,1,0
61273324,Sex Talks: The Five Conversations That Will Transform Your Love Life,Vanessa Marin,"Marin, Vanessa",Xander Marin,"=""1668000016""","=""9781668000014""",4.0,S&S/Simon Element,Hardcover,272,2023,2023,2024/07/26,2024/07/22,,,read,,,,1,0
40864841,Laura Dean Keeps Breaking Up with Me,Mariko Tamaki,"Tamaki, Mariko",Rosemary Valero-O'Connell,"=""1250312841""","=""9781250312846""",4.0,First Second,Hardcover,289,2019,2019,2024/07/21,2023/09/13,,,read,,,,1,0
49228706,I Want to Die But I Want to Eat Tteokpokki,Baek Se-hee,"Se-hee, Baek",Hyacinta Louisa,"=""6237351035""","=""9786237351030""",4.0,Penerbit Haru,Paperback,232,2019,2018,2024/07/21,2024/07/18,,,read,,,,1,0
1774836,The Palace of Illusions,Chitra Banerjee Divakaruni,"Divakaruni, Chitra Banerjee",,"=""0385515995""","=""9780385515993""",4.0,Doubleday,Hardcover,360,2008,2008,2024/07/18,2024/06/27,,,read,,,,1,0
195790663,Hera,Jennifer Saint,"Saint, Jennifer",,"=""""","=""""",4.0,Flatiron Books,Hardcover,389,2024,2024,2024/07/11,2024/06/21,,,read,,,,1,0
32071,Sons and Lovers,D.H. Lawrence,"Lawrence, D.H.",Geoff Dyer,"=""""","=""""",4.0,Modern Library Classics,Paperback,654,1999,1913,2024/06/21,2024/06/13,,,read,,,,1,0
193256917,The Household,Stacey Halls,"Halls, Stacey",,"=""1838778497""","=""9781838778491""",4.0,Manilla Press,Kindle Edition,400,2024,2024,2024/06/13,2024/06/02,,,read,,,,1,0
46041465,Everything I Know About Love,Dolly Alderton,"Alderton, Dolly",,"=""0062968785""","=""9780062968784""",4.0,Harper,Hardcover,368,2020,2018,2024/06/09,2023/09/10,,,read,,,,1,0
200314687,Hits Different,Tasha Ghouri,"Ghouri, Tasha",Lizzie Huxley-Jones,"=""1471415104""","=""9781471415104""",4.0,Hot Key Books,Kindle Edition,368,2024,2024,2024/06/02,2024/05/19,,,read,,,,1,0
212974744,sun memos,Ziggy Alberts,"Alberts, Ziggy",,"=""0648705765""","=""9780648705765""",4.0,Commonfolk Publishing,Paperback,104,2024,,2024/05/28,2024/05/28,,,read,,,,1,0
58725016,Elektra,Jennifer Saint,"Saint, Jennifer",,"=""125077361X""","=""9781250773616""",4.0,Flatiron Books,Hardcover,291,2022,2022,2024/05/28,2022/12/17,,,read,,,,1,0
179031684,I Wish You Would,Eva Des Lauriers,"Lauriers, Eva Des",,"=""1250910544""","=""9781250910547""",3.0,Henry Holt and Co. (BYR),Kindle Edition,280,2024,2024,2024/05/19,2024/05/18,,,read,,,,1,0
61884838,Atalanta,Jennifer Saint,"Saint, Jennifer",,"=""1250855578""","=""9781250855572""",4.0,Flatiron Books,Hardcover,304,2023,2023,2024/05/15,2023/01/14,,,read,,,,1,0
54860614,Ariadne,Jennifer Saint,"Saint, Jennifer",,"=""125077358X""","=""9781250773586""",4.0,Flatiron Books,Hardcover,308,2021,2021,2024/05/08,2021/06/28,,,read,,,,1,0
32307358,"Origin (Robert Langdon, #5)",Dan    Brown,"Brown, Dan",,"=""""","=""""",0,Doubleday ,ebook,480,2017,2017,,2024/04/25,,,read,,,,0,0
16244632,The Judgment and other stories,Franz Kafka,"Kafka, Franz",,"=""""","=""""",3.0,,Hardcover,137,2011,1912,2024/04/23,2024/04/20,,,read,,,,1,0
581552,In the Penal Colony,Franz Kafka,"Kafka, Franz",,"=""""","=""""",3.0,Schocken Books,Paperback,52,1974,1918,2024/04/23,2024/04/20,,,read,,,,1,0
485894,The Metamorphosis,Franz Kafka,"Kafka, Franz",Stanley Corngold,"=""0553213695""","=""9780553213690""",3.0,Bantam Classics,Mass Market Paperback,201,1972,1915,2024/04/22,2020/06/03,,,read,,,,1,0
61294937,"The Adventures of Amina al-Sirafi (Amina al-Sirafi, #1)",S.A. Chakraborty,"Chakraborty, S.A.",,"=""""","=""""",5.0,Harper Voyager,Hardcover,483,2023,2023,2024/04/17,2023/06/15,,,read,,,,1,0
181109972,Mania,Lionel Shriver,"Shriver, Lionel",,"=""0063345390""","=""9780063345393""",4.0,Harper,Hardcover,288,2024,2024,2024/04/09,2024/03/24,,,read,,,,1,0
57876868,Things Have Gotten Worse Since We Last Spoke,Eric LaRocca,"LaRocca, Eric",,"=""1951658132""","=""""",3.0,Weirdpunk Books,Kindle Edition,120,2021,2021,2024/03/25,2022/11/05,,,read,,,,1,0
28780057,"I Like You, I Love You",Carissa Potter,"Potter, Carissa",,"=""1452144982""","=""9781452144986""",4.0,Chronicle Books,Hardcover,96,2016,,2024/03/22,2024/03/22,,,read,,,,1,0
198827213,Inside Harare Alcatraz and Other Short Stories,Andrew Chatora,"Chatora, Andrew",,"=""1637462344""","=""9781637462348""",4.0,"Kharis Publishing, an imprint of Kharis Media LLC",Paperback,188,2024,,2024/03/21,2024/03/13,,,read,,,,1,0
41057294,Normal People,Sally Rooney,"Rooney, Sally",,"=""1984822179""","=""9781984822178""",3.0,Crown,Hardcover,273,2019,2018,2024/03/12,2024/01/08,,,read,,,,1,0
1462282,Bobok,Fyodor Dostoevsky,"Dostoevsky, Fyodor",Fyodor Dostoyevsky,"=""141911042X""","=""9781419110429""",4.0,Kessinger Publishing,Paperback,22,2004,1873,2024/02/09,2024/02/19,,,read,,,,1,0
2156,Persuasion,Jane Austen,"Austen, Jane","Deidre Shauna Lynch, James Kinsley","=""0192802631""","=""9780192802637""",3.0,Oxford University Press,Paperback,249,2004,1817,2024/02/20,2024/02/12,,,read,,,,1,0
1772910,White Nights,Fyodor Dostoevsky,"Dostoevsky, Fyodor",Olga Shartse,"=""""","=""""",5.0,,Paperback,82,1848,1848,2024/02/09,2024/02/09,,,read,,,,1,0
11150298,The Meek One: A Fantastic Story: An Annotated Russian Reader,Fyodor Dostoevsky,"Dostoevsky, Fyodor","Julia Titus, Kristen Robinson","=""0300162324""","=""9780300162325""",3.0,Yale University Press,Paperback,176,2011,1876,2024/02/05,2024/02/05,,,read,,,,1,0
29607491,The Gambler and A Nasty Business (Pocket Penguins),Fyodor Dostoevsky,"Dostoevsky, Fyodor",,"=""0241259584""","=""9780241259580""",3.0,Penguin Classic,Paperback,288,2017,,2024/02/05,2024/02/04,,,read,,,,1,0
4708,The Beautiful and Damned,F. Scott Fitzgerald,"Fitzgerald, F. Scott","Kermit Vanderbilt, Monty","=""0743451503""","=""9780743451505""",3.0,Simon & Schuster,Mass Market Paperback,422,2002,1922,2024/02/04,2024/01/29,,,read,,,,1,0
60811024,The Red Scholar's Wake,Aliette de Bodard,"Bodard, Aliette de",,"=""1399601393""","=""9781399601399""",2.0,Gollancz,Paperback,324,2022,2022,2024/01/29,2022/11/05,,,read,,,,1,0
55987278,"Once Upon a Broken Heart (Once Upon a Broken Heart, #1)",Stephanie Garber,"Garber, Stephanie",,"=""1250268397""","=""9781250268396""",3.0,Flatiron Books,Hardcover,408,2021,2021,2024/01/26,2021/12/28,,,read,,,,1,0
63104676,"The Atlas Complex (The Atlas, #3)",Olivie Blake,"Blake, Olivie",,"=""1529095352""","=""9781529095357""",4.0,Pan Macmillan,Hardcover,496,2024,2024,2024/01/19,2023/09/15,,,read,,,,1,0
61244268,"Godkiller (Fallen Gods, #1)",Hannah Kaner,"Kaner, Hannah",,"=""0008521468""","=""9780008521462""",4.0,Harper Voyager,Hardcover,304,2023,2023,2024/01/12,2024/01/09,,,read,,,,1,0
66092846,Her Radiant Curse,Elizabeth Lim,"Lim, Elizabeth",,"=""0593710029""","=""9780593710029""",4.0,Knopf Books for Young Readers,Paperback,432,2023,2023,2024/01/08,2024/01/07,,,read,,,,1,0
53457102,"The Dragon's Promise (Six Crimson Cranes, #2)",Elizabeth Lim,"Lim, Elizabeth",,"=""1529356784""","=""9781529356786""",5.0,Hodder & Stoughton,Hardcover,482,2022,2022,2024/01/07,2022/08/26,,,read,,,,1,0
53457092,"Six Crimson Cranes (Six Crimson Cranes, #1)",Elizabeth Lim,"Lim, Elizabeth",,"=""0593300939""","=""9780593300930""",5.0,Knopf,ebook,454,2021,2021,2024/01/03,2021/12/28,,,read,,,,1,0
60784815,Couplets,Maggie Millner,"Millner, Maggie",,"=""0374607958""","=""9780374607951""",3.0,"Farrar, Straus and Giroux",Hardcover,128,2023,2023,2023/12/31,2023/12/28,,,read,,,,1,0
55507254,I Hate Men,Pauline Harmange,"Harmange, Pauline",Natasha Lehrer,"=""0008457581""","=""9780008457587""",3.0,HarperCollins,Hardcover,80,2021,2020,2023/12/30,2023/09/10,,,read,,,,1,0
8494040,Becky Shaw,Gina Gionfriddo,"Gionfriddo, Gina",,"=""082222402X""","=""9780822224020""",3.0,Concord Theatricals,Paperback,74,2026,2010,2023/12/30,2023/09/10,,,read,"I have mixed feelings about this play.<br/>It is quite interesting, and quite dark, but I guess it didn't click for me.<br/><br/>The play felt it was more about Suzanna than Becky, as Becky felt like a side character, even though her entrance is the catalyst of all the roller coaster of events going down between Suzanna and Max.<br/><br/>Max was very manipulative of Becky. Well everyone is manipulative in this book so there's no clear ""hero"" and ""villain"": you root and despise all the characters simultaneously, which makes them more tangible and realistically flawed.<br/><br/>Quick read but I guess it would hit more when seen on stage, where it's meant to be seen.<br/>Love the edition with the pop art cover.",true,,1,0
61102615,Stone Blind,Natalie Haynes,"Haynes, Natalie",,"=""0063258390""","=""9780063258396""",4.0,Harper,Hardcover,373,2023,2022,2023/12/28,2023/12/25,,,read,"I love Greek Mythology and I have been enjoying the more modern retellings of them, especially when they are from the point of view of what I consider the forgotten characters of a myth: the monsters, the servants, the crews, the spouses and children. <br/>Medusa is obviously one of the forgotten: blamed for what happened to her, who made Perseus the hero he was, for slaying a Gorgon in her sleep.<br/>'Stone Blind' is written in an accessible and direct language: mythology and classics retellings tend to feel at times extravagant and pretentious in their language and vocabulary, and that can be off-putting.<br/>Natalie Hayes makes classical literature easily accessible and enjoyable to read.<br/><br/>I particularly enjoyed the chapters from the point of view of Medusa's head after she was decapitated, her perspective on the events presents an apathy that only a wronged person who can only resign to their fate has. It shines a whole new different light on the myth of Perseus.<br/><br/>I read someone else's review that said that this is ""the story of Medusa"" rather than Medusa's story and I quite agree because the narrative of the book follows the events leading up to the myth of Perseus slaying Medusa, carefully threading the stories of all the mortals, creatures and Gods that were part of Medusas' tragedy.<br/>I would dare say it was a dominoes of events that led to the classic story of Medusa most widely known.<br/><br/>I also enjoyed the perspective of Medusa's snakes before her death, as it is a point of view no one ever really thinks about, and it shows how every part of us is affected by an event. I think it also illustrated how people can feel guilt about what happened to them, diving into all the what-ifs, when the blame belongs to everyone else but them.<br/><br/>I found this book so captivating I finished it in 2 days - thank you Natalie Hayes for getting me out of that book funk!",true,,1,0
8143909,Foster,Claire Keegan,"Keegan, Claire",,"=""0571255655""","=""9780571255658""",4.0,Faber & Faber,Paperback,101,2010,2010,2023/12/29,2023/09/10,,,read,"""A good woman can look far down the line and smell what’s coming before a man even gets a sniff of it.""<br/><br/>""You don’t ever have to say anything,’ he says. ‘Always remember that as a thing you need never do. Many’s the man lost much just because he missed a perfect opportunity to say nothing""<br/><br/>Two beautiful quotes from this short story. I quite enjoyed this book and the story it told. It's the reality of a lot of children in foster care, across the decades.<br/>Through the writing style, you can definitely feel the protagonist is a child with a sense of responsibility and maturity acquired from having to take care of her siblings, from having had to grow up faster than her peers.<br/>The open ending of the story leaves to wonder if the story could take a more chilling and eerie ending, or a sad and melancholy ending. <br/>In a few short pages, Keegan created characters that are slowly being zoomed in on, starting from the general idea of them being good foster parents, to then uncovering their history, peeling back each layer as the story progresses.<br/><br/>A great, enjoyable story.",,,1,0
57693481,"Good Girl Complex (Avalon Bay, #1)",Elle Kennedy,"Kennedy, Elle",,"=""1250796733""","=""9781250796738""",2.0,Griffin,Paperback,368,2022,2022,2023/06/15,2023/06/08,,,read,,,,1,0
60669270,Become a Femme Fatale,femme fatale books,"books, femme fatale",,"=""""","=""""",3.0,Independent,ebook,104,2022,,2022/11/30,2022/11/30,,,read,,,,1,0
39331868,"The Cruel Prince (The Folk of the Air, #1)",Holly Black,"Black, Holly",,"=""1471407276""","=""9781471407277""",3.0,Hot Key Books,Paperback,370,2018,2018,2019/12/13,2019/10/04,,,read,,,,1,0
26032887,"The Wicked King (The Folk of the Air, #2)",Holly Black,"Black, Holly",,"=""0316310336""","=""9780316310338""",3.0,"Little, Brown Books for Young Readers",ebook,336,2019,2019,2019/12/18,2019/12/16,,,read,,,,1,0
61312091,I Gave Myself The World,Catarine Hancock,"Hancock, Catarine",,"=""1771682825""","=""9781771682824""",3.0,Central Avenue Poetry,Paperback,224,2023,,2023/07/24,2023/01/12,,,read,,,,1,0
131359,"Death on the Nile (Hercule Poirot, #18)",Agatha Christie,"Christie, Agatha",,"=""""","=""""",3.0,Bantam Books,Paperback,352,1978,1937,2023/12/25,2023/06/15,,,read,,,,1,0
7978230,"Love, Loss and What I Wore",Nora Ephron,"Ephron, Nora","Delia Ephron, Ilene Beckerman","=""0822223554""","=""9780822223559""",3.0,Concord Theatricals,Paperback,51,2026,2010,2023/12/21,2023/09/10,,,read,,,,1,0
75715117,Sunburn,Chloe Michelle Howarth,"Howarth, Chloe Michelle",,"=""0857308416""","=""9780857308412""",4.0,VERVE Books,Paperback,288,2023,2023,2023/12/20,2023/06/16,,,read,,,,1,0
57693262,Cleopatra and Frankenstein,Coco Mellors,"Mellors, Coco",,"=""1635576814""","=""9781635576818""",4.0,Bloomsbury Publishing,Paperback,368,2022,2022,2023/12/14,2022/10/08,,,read,,,,1,0
853510,"Murder on the Orient Express (Hercule Poirot, #10)",Agatha Christie,"Christie, Agatha",,"=""0007119313""","=""9780007119318""",4.0,HarperCollins,Paperback,347,2007,1934,2023/12/10,2023/06/15,,,read,,,,1,0
55440232,"The Women of Troy (Women of Troy, #2)",Pat Barker,"Barker, Pat",,"=""0385546696""","=""9780385546690""",4.0,Doubleday,Hardcover,307,2021,2021,2023/12/08,2023/11/29,,,read,,,,1,0
37969723,"The Silence of the Girls (Women of Troy, #1)",Pat Barker,"Barker, Pat",,"=""""","=""""",4.0,Doubleday Books,Hardcover,325,2018,2018,2023/11/29,2023/11/20,,,read,,,,1,0
58543753,If You Change Your Mind,Robby Weber,"Weber, Robby",,"=""133542590X""","=""9781335425904""",4.0,Inkyard Press,Hardcover,392,2022,2022,2023/11/20,2023/01/14,,,read,,,,1,0
43811235,Crudo,Olivia Laing,"Laing, Olivia",,"=""0393357414""","=""9780393357417""",2.0,W. W. Norton & Company,Paperback,160,2019,2018,2023/11/15,2023/11/14,,,read,,,,1,0
59042752,Love Radio,Ebony LaDelle,"LaDelle, Ebony",,"=""1665908157""","=""9781665908153""",5.0,Simon & Schuster Books for Young Readers,Hardcover,320,2022,2022,2023/11/14,2023/11/12,,,read,,,,1,0
58656040,The Romantic Agenda,Claire Kann,"Kann, Claire",,"=""""","=""""",4.0,Berkley,Paperback,336,2022,2022,2023/11/12,2023/01/14,,,read,,,,1,0
17245,Dracula,Bram Stoker,"Stoker, Bram","Rubén Toledo, Nina Auerbach, David J. Skal","=""0393970124""","=""9780393970128""",4.0,Norton,Paperback,488,1986,1897,2023/11/07,2021/12/28,,,read,,,,1,0
154488348,Sense and Sensibility,Jane Austen,"Austen, Jane",,"=""0593622464""","=""9780593622469""",3.0,Puffin Books,Hardcover,448,2024,1811,2023/10/27,2023/10/12,,,read,,,,1,0
8130423,"The Battle of the Labyrinth (Percy Jackson and the Olympians, #4)",Rick Riordan,"Riordan, Rick",,"=""""","=""""",0,Disney Hyperion,Kindle Edition,361,2009,2008,,2023/10/17,,,read,,,,0,0
12415071,Il giardino dei Finzi-Contini,Giorgio Bassani,"Bassani, Giorgio",Claudio Toscani,"=""8824700462""","=""9788824700467""",4.0,Mondadori Scuola,Paperback,396,1995,1962,2023/10/10,2023/10/02,,,read,,,,1,0
61246903,I Loved You in Another Life,David  Arnold,"Arnold, David",,"=""0593524802""","=""9780593524800""",4.0,Viking Books for Young Readers,Kindle Edition,352,2023,2023,2023/10/01,2023/09/25,,,read,,,,1,0
57912066,"The Atlas Paradox (The Atlas, #2)",Olivie Blake,"Blake, Olivie",,"=""1250855128""","=""9781250855121""",5.0,Tor Books,Kindle Edition,560,2022,2022,2023/09/30,2023/09/15,,,read,,,,1,0
60648548,"Sacred Hospitality (The Atlas, #0.5)",Olivie Blake,"Blake, Olivie",,"=""""","=""""",4.0,,ebook,31,2022,2022,2023/09/21,2023/09/15,,,read,,,,1,0
48328,Revolutionary Road,Richard Yates,"Yates, Richard",,"=""""","=""""",4.0,Methuen,Paperback,355,2001,1961,2023/09/19,2023/09/16,,,read,,,,1,0
58469344,"The Davenports (The Davenports, #1)",Krystal Marquis,"Marquis, Krystal",,"=""0593463331""","=""9780593463338""",3.0,Dial Books,Hardcover,384,2023,2023,2023/09/14,2023/06/16,,,read,,,,1,0
62649027,Borrow My Heart,Kasie West,"West, Kasie",,"=""0593643267""","=""9780593643266""",3.0,Delacorte Press,Kindle Edition,281,2023,2023,2023/09/12,2023/09/10,,,read,,,,1,0
59366226,Just by Looking at Him,Ryan O'Connell,"O'Connell, Ryan",,"=""1982178582""","=""9781982178581""",2.0,Atria Books,Hardcover,304,2022,2022,2023/09/09,2023/07/02,,,read,,,,1,0
30197201,A Quiet Kind of Thunder,Sara  Barnard,"Barnard, Sara",,"=""1509810986""","=""9781509810987""",4.0,Macmillan Children's Books,Paperback,307,2017,2017,2023/08/30,2023/01/14,,,read,,,,1,0
52843028,"The Mysterious Affair at Styles (Hercule Poirot, #1)",Agatha Christie,"Christie, Agatha",,"=""1734452595""","=""9781734452594""",4.0,Warbler Classics,Paperback,174,2020,1920,2023/08/27,2023/06/15,,,read,,,,1,0
46182,In Watermelon Sugar,Richard Brautigan,"Brautigan, Richard",,"=""0099437597""","=""9780099437598""",3.0,Random House,Paperback,144,2002,1968,2023/08/26,2022/09/21,,,read,,,,1,0
59629744,Diary of a Void,Emi Yagi,"Yagi, Emi","David  Boyd, Lucy North","=""0143136879""","=""9780143136873""",4.0,Viking,Hardcover,213,2022,2020,2023/08/26,2023/07/02,,,read,,,,1,0
23482811,Physical,Andrew McMillan,"McMillan, Andrew",,"=""0224102133""","=""9780224102131""",3.0,Cape Poetry,Paperback,53,1810,,2023/08/24,2023/06/30,,,read,,,,1,0
41745412,Soft Science,Franny Choi,"Choi, Franny",,"=""1938584996""","=""9781938584992""",3.0,Alice James Books,Paperback,100,2019,2019,2023/08/01,2022/04/28,,,read,,,,1,0
59364173,I'm Glad My Mom Died,Jennette McCurdy,"McCurdy, Jennette",,"=""""","=""""",5.0,Simon & Schuster,ebook,320,2022,2022,2023/08/24,2023/08/23,,,read,,,,1,0
40126014,"The Merciless Ones (Deathless, #2)",Namina Forna,"Forna, Namina",Karine Ribeiro,"=""1984848720""","=""9781984848727""",4.0,Delacorte Press,Hardcover,432,2022,2022,2023/08/22,2021/12/31,,,read,,,,1,0
36126998,peluda (Button Poetry),Melissa Lozada-Oliva,"Lozada-Oliva, Melissa",,"=""1943735247""","=""9781943735242""",4.0,Button Poetry,Paperback,60,2017,2017,2023/08/20,2023/08/20,,,read,,,,1,0
75283912,"I Feed Her to the Beast and the Beast Is Me (I Feed Her to the Beast, #1)",Jamison Shea,"Shea, Jamison",,"=""1250909562""","=""9781250909565""",4.0,Henry Holt and Co. (BYR),Kindle Edition,339,2023,2023,2023/08/11,2023/08/07,,,read,,,,1,0
23731820,"Dreams of Gods & Monsters (Daughter of Smoke & Bone, #3)",Laini Taylor,"Taylor, Laini",,"=""031613404X""","=""9780316134040""",3.0,"Little, Brown Books for Young Readers",Paperback,613,2015,2014,2023/08/06,2023/08/04,,,read,,,,1,0
52162509,The Uni-Verse: The Ultimate Guide to Surviving University,Jack  Edwards,"Edwards, Jack",,"=""0008365644""","=""9780008365646""",4.0,HarperCollins,Paperback,224,2020,,2023/08/05,2023/08/05,,,read,,,,1,0
21853321,"Days of Blood and Starlight (Daughter of Smoke and Bone, #2)",Laini Taylor,"Taylor, Laini",,"=""""","=""""",4.0,Hodder & Stoughton ltd,Paperback,517,2012,2012,2023/08/03,2023/08/01,,,read,,,,1,0
8490112,"Daughter of Smoke & Bone (Daughter of Smoke & Bone, #1)",Laini Taylor,"Taylor, Laini",,"=""0316134023""","=""9780316134026""",4.0,"Little, Brown Books for Young Readers",Hardcover,418,2011,2011,2023/08/01,2023/07/24,,,read,,,,1,0
50815163,A Cornish Betrothal (5) (Cornish Saga),Nicola Pryce,"Pryce, Nicola",,"=""1838950907""","=""9781838950903""",3.0,Corvus,Paperback,304,2021,,2020/10/11,2020/10/10,,,read,"I liked it.<br/>          I was not really convinced about this book initially: I thought it was a cliche love story, where the girl juggles her heart in a love triangle between a guy she has known her whole life and a nurturing guy she met, with a lot of drama and unnecessary fights.<br/>However, the book turned out to be more interesting than I initially thought: it has a well-written mystery and the love story is the main plot, yet it does not make the book dreading to read or boring. At points, it can be quite cheesy, but nothing too overwhelming.<br/>The characters are well written, and I like that the protagonist has her own garden and that people consult her for medicines and general health care.<br/><br/>I was not aware nor knew that this is a series and there are more books prior to 'A Cornish Betrothal,'  and I have quite enjoyed reading it.<br/>I also quite enjoyed the time and the place the book was set.<br/> ",,,1,1
123497812,Overemotional,David Fenne,"Fenne, David",,"=""""","=""""",5.0,Ink Road,Kindle Edition,336,2023,2023,2023/07/22,2023/07/11,,,read,,,,1,0
63017285,My Week with Him,Joya Goffney,"Goffney, Joya",,"=""0063254743""","=""9780063254749""",4.0,HarperCollins,Hardcover,400,2023,2023,2023/07/11,2023/07/07,,,read,,,,1,0
61245642,The Queens of Sarmiento Park,Camila Sosa Villada,"Villada, Camila Sosa",Kit Maude,"=""0349016453""","=""9780349016450""",4.0,"Little, Brown UK",Hardcover,208,2022,2019,2023/07/07,2023/07/01,,,read,,,,1,0
52339313,"Cemetery Boys (Cemetery Boys, #1)",Aiden Thomas,"Thomas, Aiden",,"=""1250250463""","=""9781250250469""",4.0,Swoon Reads,Hardcover,344,2020,2020,2023/06/29,2020/08/28,,,read,,,,1,0
43242080,The Seven Deaths of Evelyn Hardcastle,Stuart Turton,"Turton, Stuart",,"=""140888951X""","=""9781408889510""",4.0,Raven Books,Paperback,528,2018,2018,2020/12/31,2020/12/29,,,read,,,,1,0
53457146,The Coldest Touch,Isabel Sterling,"Sterling, Isabel",,"=""059335043X""","=""9780593350430""",3.0,Razorbill,Hardcover,384,2021,2021,2023/06/23,2023/06/20,,,read,,,,1,0
36529217,Mrs Dalloway,Virginia Woolf,"Woolf, Virginia",,"=""0241341116""","=""9780241341117""",3.0,Penguin Classic,Paperback,180,2018,1925,2023/06/20,2023/06/16,,,read,,,,1,0
53017865,The Quickening,Talulah Riley,"Riley, Talulah",,"=""""","=""""",1.0,Hodder & Stoughton - Hachette Book Group,Hardcover,,2022,,2022/03/10,2022/02/28,,,read,"This book was a wild ride from start to finish, and I honestly do not know how to feel about it. When I first read what it was about I thought it would an extravagant book, and I felt some extremist feminist ideals that I was not sure I was going to enjoy. I genuinely did not think the book would go in the direction it went, with such a crazy society and twisted plots. If you ask me what happened in this book I wouldn't know what to tell you, except for these three scenes that are stuck in my head: the first one is the overly detailed description of why the sentence ""no eggs for me please is sexist in the society presented in the book, the blood chambers in old churches where women just let their period flow freely (why??), and the torture of the main male characters (waaay over the top and weird.) Also the whole concept of keeping men in a ""working camp and keeping the ""pretty"" ones as a form of pet, resembles too much a particular event in history that was very, very horrible.<br/><br/>At least the cover design was really great.",true,,1,0
60290140,"Daughter of Darkness (House of Shadows, #1)",Katharine Corr,"Corr, Katharine",Elizabeth Corr,"=""1471410919""","=""9781471410918""",5.0,Hot Key Books ,Paperback,420,2022,2022,2023/06/07,2022/08/06,,,read,Greek mythology? Strong female character? Fluid Hades? Friends to Enemies to Friends to Lovers? Tartarus yes!<br/><br/><br/>(sorry not sorry for the pun),,,1,0
61833058,"How to Kill Men and Get Away With It (Kitty Collins, #1)",Katy Brent,"Brent, Katy",,"=""0008600481""","=""9780008600488""",4.0,Harper Collins,Paperback,384,2023,2023,2022/10/29,2022/10/23,,,read,"This book pleasantly surprised me. The premise of the book was very interesting and I was excited to read it when I saw it on Readers First. The book started quite in an interesting manner, and I started to feel defeated when I learnt that Kitty was an influencer, making the book slightly repulsive (to me at least). But then things took for the worse in the book, but for the better for me because I absolutely loved it! Other than being greatly enjoyable, it is a really powerful commentary on the #MeToo movement, on femicide, on domestic abuse, on toxic masculinity. 'How to kill men and get away with it' is a greatly enjoyable book, with a powerful message.<br/>I must say if gore, blood and explicit violence is not for you, read with discretion because some parts are very graphic.<br/>Beautiful cover also.<br/><br/>PS: I give the book a total of 5 stars because I wasn't too satisfied with the ending, but bonus star for the looks old men gave me on the train when I was reading the book. Nothing is more satisfying than seeing an old man stare at you, then sitting down opposite him and open this book so he can read the title.",,,1,0
62711249,This Is How You Fall in Love,Anika Hussain,"Hussain, Anika",,"=""1471412806""","=""9781471412813""",4.0,Hot Key Books,Kindle Edition,352,2023,2024,2023/03/21,2023/03/19,,,read,"Honestly I was not expecting to love this book so much! I am not a big fan of romance and I only usually read it on holiday on the beach because they are sweet, quick reads. However this book had me gripped and out of my reading slump. I love the friends-to-lovers trope, and the fake dating sounds exciting, but what I love even more is choosing yourself first, and this book did it brilliantly. <br/>Not only does it have great representation all around, but it is fun, sweet and honestly relatable.<br/>The friendship between Adnan and Zara was wonderfully built, to the point I ached for a friendship like that with family friends that hang out together like their families do. This book also goes beyond and talks about familial relationships and communication and touches over the different types of love.<br/>I loved the ending and the idea behind the documentary! Cover majestic as usual.<br/>Really loved this book, and will definitely read more by the same author.<br/>        ",,,1,0
61604771,The Sharp Edge of Silence,Cameron Kelly Rosenblum,"Rosenblum, Cameron Kelly",,"=""0062932101""","=""9780062932105""",4.0,Quill Tree Books,Hardcover,496,2023,2023,2023/05/24,2023/05/18,,,read,"          Honestly this book surprised me: I. ate. it. up. I had not read a book so fast in forever, and it made my commute fly because of how engrossed I was in this. This book has a great insight into the unfortunate reality of elite and private schools, where bad things that happen tend to be swept under the rug, as to not tarnish the reputation of the school. But things such as these need to be spoken out loud, screamed at the top of the lungs until the attacker feels the consequences of their own action. I think this book showed how quickly girls who are not even very close will immediately group together to protect each other, and the female rage in this book satiated me all right. Mind the themes, as it can be quite heavy in certain chapters, as this topic is a difficult one. I think the author captured teenage experiences in a quite realistic way, and also the rage Quinn feels. I appreciate the author showing the girls walking away from toxic situations and relationships, which lately seems to be too romanticised in books ( Colee.. ahem anyway). A strong and powerful story. And the cover: wonderful! I love the "" boys will be held accountable"" written in pink.<br/>        ",,,1,0
48764258,Tsarina,Ellen Alpsten,"Alpsten, Ellen",,"=""1250214432""","=""9781250214430""",5.0,St. Martin's Press,Hardcover,467,2020,2002,2023/05/17,2020/11/08,,,read,,,,1,0
38600016,The Inheritance,Matthew López,"López, Matthew",,"=""0571348351""","=""9780571348350""",5.0,faber & faber,Paperback,320,2018,2018,2023/05/03,2023/04/30,,,read,,,,1,0
48506393,"A Venom Dark and Sweet (The Book of Tea, #2)",Judy I. Lin,"Lin, Judy I.",,"=""""","=""""",4.0,Feiwel and Friends,Unknown Binding,352,2022,2022,2023/04/30,2023/01/01,,,read,,,,1,0
61767292,"Icebreaker (Maple Hills, #1)",Hannah  Grace,"Grace, Hannah",,"=""""","=""""",3.0,Pig & Bear Publishing,Kindle Edition,447,2022,2022,2023/04/23,2023/03/26,,,read,"Everybody, touch some grass: the cold from the rink got to everyone's heads.",,,1,0
50175419,Exciting Times,Naoise Dolan,"Dolan, Naoise",,"=""0062968742""","=""9780062968746""",3.0,Ecco,Hardcover,243,2020,2020,2023/04/16,2022/07/14,,,read,,,,1,0
30319086,If We Were Villains,M.L. Rio,"Rio, M.L.",,"=""125009528X""","=""9781250095282""",5.0,Flatiron Books,Hardcover,354,2017,2017,2023/04/08,2023/03/21,,,read,,,,1,0
41880609,On Earth We're Briefly Gorgeous,Ocean Vuong,"Vuong, Ocean",,"=""0525562028""","=""9780525562023""",4.0,Penguin Press,Hardcover,246,2019,2019,2023/03/30,2022/11/05,,,read,,,,1,0
53642699,The Mountain Is You: Transforming Self-Sabotage Into Self-Mastery,Brianna Wiest,"Wiest, Brianna",,"=""""","=""""",4.0,Thought Catalog Books,Kindle Edition,250,2020,2020,2023/03/22,2023/02/02,,,read,,,,1,0
40597810,Daisy Jones & The Six,Taylor Jenkins Reid,"Reid, Taylor Jenkins",,"=""1524798622""","=""9781524798628""",5.0,Ballantine Books,Hardcover,368,2019,2019,2023/03/17,2019/11/29,,,read,,,,2,0
57945316,Babel,R.F. Kuang,"Kuang, R.F.",,"=""0063021420""","=""9780063021426""",5.0,Harper Voyager,Hardcover,544,2022,2022,2023/03/05,2022/12/17,,,read,,,,1,0
34440117,Eroi dell'Olimpo. Il libro segreto,Rick Riordan,"Riordan, Rick","Haley Riordan, Laura Grassi","=""8804673400""","=""9788804673408""",5.0,Mondadori,Hardcover,299,2017,2012,2019/08/04,2019/08/01,,,read,,,,1,1
58784475,"Tomorrow, and Tomorrow, and Tomorrow",Gabrielle Zevin,"Zevin, Gabrielle",,"=""0735243344""","=""9780735243347""",5.0,Knopf,Paperback,399,2022,2022,2023/02/03,2022/07/18,,,read,,,,1,0
58439983,Serenity: Poems,F.S. Yousaf,"Yousaf, F.S.",,"=""1524871036""","=""9781524871031""",3.0,Andrews McMeel Publishing,Paperback,144,2022,2022,2023/01/31,2022/12/17,,,read,,,,1,0
58638202,Overtime: Why We Need A Shorter Working Week,Will Stronge,"Stronge, Will",Kyle Lewis,"=""1788738705""","=""9781788738705""",3.0,Verso,Kindle Edition,145,2021,2021,2023/01/26,2022/06/09,,,read,,,,1,0
28257707,The Subtle Art of Not Giving a F*ck: A Counterintuitive Approach to Living a Good Life,Mark Manson,"Manson, Mark",,"=""""","=""9798804636129""",4.0,Harper,Paperback,212,2016,2016,2023/01/22,2023/01/18,,,read,,,,1,0
17645,The Penelopiad,Margaret Atwood,"Atwood, Margaret",,"=""1841957178""","=""9781841957173""",4.0,Canongate U.S.,Hardcover,198,2005,2005,2023/01/18,2022/12/07,,,read,,,,1,0
10009377,The 12 Week Year,Brian P. Moran,"Moran, Brian P.",Michael Lennington,"=""""","=""""",4.0,SB Press LLC.,Nook,208,2009,2009,2023/01/16,2023/01/02,,,read,,,,1,0
41057388,The Strength In Our Scars,Bianca Sparacino,"Sparacino, Bianca",,"=""""","=""""",4.0,Thought Catalog Books,Kindle Edition,160,2018,2018,2023/01/15,2023/01/12,,,read,,,,1,0
56978089,"A Magic Steeped in Poison (The Book of Tea, #1)",Judy I. Lin,"Lin, Judy I.",,"=""1250767083""","=""9781250767080""",5.0,Feiwel and Friends,Hardcover,384,2022,2022,2023/01/13,2022/10/04,,,read,I need to buy the sequel right now,,,1,0
38357895,Convenience Store Woman,Sayaka Murata,"Murata, Sayaka",Ginny Tapley Takemori,"=""""","=""""",3.0,Portobello Books,Paperback,163,2018,2016,2022/12/31,2022/11/05,,,read,,,,1,0
8044557,All My Friends Are Dead,Avery Monsen,"Monsen, Avery",Jory John,"=""0811874559""","=""9780811874557""",4.0,Chronicle Books,Hardcover,96,2010,2010,2022/12/30,2022/12/29,,,read,,,,1,0
56172358,Field Guide to the Haunted Forest,Jarod K. Anderson,"Anderson, Jarod K.",,"=""""","=""9798572931358""",4.0,Crooked Wall Press,Paperback,72,2020,2020,2022/12/30,2022/06/10,,,read,,,,1,0
56163236,Content Warning: Everything,Akwaeke Emezi,"Emezi, Akwaeke",,"=""1556596294""","=""9781556596292""",3.0,Copper Canyon Press,Paperback,64,2022,2022,2022/12/29,2022/12/17,,,read,,,,1,0
12143925,All My Friends Are Still Dead,Avery Monsen,"Monsen, Avery",Jory John,"=""1452106967""","=""9781452106960""",4.0,Chronicle Books,Hardcover,108,2012,2012,2022/12/29,2022/12/29,,,read,,,,1,0
36436100,Notes on ‘Camp’,Susan Sontag,"Sontag, Susan",,"=""0241339707""","=""9780241339701""",2.0,Penguin Classics,Paperback,57,2018,1964,2022/12/29,2022/09/21,,,read,,,,1,0
11904233,"The Tiny Book of Tiny Stories, Vol. 1",Joseph Gordon-Levitt,"Gordon-Levitt, Joseph",Toff 'wirrow' Mazery,"=""0062121669""","=""9780062121660""",4.0,It Books,Hardcover,87,2011,2011,2022/12/29,2022/04/20,,,read,,,,1,0
60059700,Normal Distance,Elisa Gabbert,"Gabbert, Elisa",,"=""1593767331""","=""9781593767334""",3.0,Soft Skull,Paperback,112,2022,2022,2022/12/28,2022/12/17,,,read,,,,1,0
96259,Crush,Richard Siken,"Siken, Richard",Louise Glück,"=""0300107897""","=""9780300107890""",3.0,Yale University Press,Paperback,80,2005,2005,2022/12/27,2022/12/25,,,read,,,,1,0
25864029,We Slept Here,Sierra DeMulder,"DeMulder, Sierra",,"=""0989641589""","=""9780989641586""",3.0,Button Poetry,Paperback,44,2015,2015,2022/12/25,2022/12/25,,,read,,,,1,0
130546,"Unfortunately, It Was Paradise: Selected Poems",Mahmoud Darwish,"Darwish, Mahmoud","Sinan Antoon, Munir Akash, Carolyn Forché, Amira El-Zein","=""0520237544""","=""9780520237544""",4.0,University of California Press,Paperback,191,2003,2002,2022/12/25,2022/12/23,,,read,,,,1,0
60436504,"Rapunzella, Or, Don't Touch My Hair",Ella McLeod,"McLeod, Ella",,"=""0702313866""","=""9780702313868""",4.0,Scholastic UK,Paperback,384,2022,2022,2022/12/22,2022/12/17,,,read,,,,1,0
60224365,"Before Your Memory Fades (Before the Coffee Gets Cold, #3)",Toshikazu Kawaguchi,"Kawaguchi, Toshikazu",Geoffrey Trousselot,"=""0369722698""","=""9780369722690""",4.0,Hanover Square Press,ebook,220,2022,2018,2022/12/17,2022/10/16,,,read,,,,1,0
49477059,Not a Diet Book: The Must-Have Fitness Book From the World's Favourite Personal Trainer,James               Smith,"Smith, James",,"=""0008374309""","=""9780008374303""",5.0,HarperCollins,Kindle Edition,320,2020,2020,2022/12/05,2022/10/17,,,read,,,,1,0
54985743,People We Meet on Vacation,Emily Henry,"Henry, Emily",,"=""1984806750""","=""9781984806758""",3.0,Berkley,Paperback,361,2021,2021,2022/11/29,2022/11/23,,,read,,,,1,0
50202953,Piranesi,Susanna Clarke,"Clarke, Susanna",,"=""""","=""""",5.0,Bloomsbury,Hardcover,245,2020,2020,2022/11/21,2020/09/17,,,read,,,,1,0
58772723,Other Names for Love,Taymour Soomro,"Soomro, Taymour",,"=""0374604649""","=""9780374604646""",3.0,"Farrar, Straus and Giroux",Hardcover,256,2022,2022,2022/11/06,2022/10/30,,,read,,,,1,0
50252822,White Orchids,Ry Reed,"Reed, Ry",,"=""1676490361""","=""9781676490364""",4.0,Ry Reed books,Paperback,321,2019,2019,2022/10/28,2022/10/27,,,read,,,,1,0
58378067,Walking on the Moon,Ry Reed,"Reed, Ry",,"=""0998145947""","=""9780998145945""",4.0,Ry Reed Books,Paperback,404,2021,2021,2022/10/27,2022/10/27,,,read,"Hmm why did this break my heart and put it back in place in the space of 10 minutes?<br/><br/>Wow these poems hit me so hard I was on the floor, tears rolling down my cheeks, and a pang of nostalgia for something I have never felt.<br/><br/>The poem 'where you left it' was damn so powerful. Two lines of poetry, a flat line on my heart monitor.<br/><br/>What a wonderful way with words Reed has, and their poems are so impactful and direct you are in awe.<br/><br/>Will definitely read other poems!<br/><br/>PS: thank you Ry Reed for the giveaway copy!",,,1,0
57996660,"Lord of Eternal Night (Darkmourn Universe, #1)",Ben Alderson,"Alderson, Ben",,"=""""","=""""",2.0,,Kindle Edition,270,2021,2021,2022/10/02,2021/09/17,,,read,,,,1,0
6334,Never Let Me Go,Kazuo Ishiguro,"Ishiguro, Kazuo",,"=""1400078776""","=""9781400078776""",4.0,Vintage Books ,Paperback,288,2010,2005,2022/10/23,2019/07/12,,,read,,,,1,0
55781893,재혼 황후 1 [Jaehon Hwangho 1],Herelee,"Herelee, Herelee","히어리, Sumpul, 숨풀, Alphatart, 알파타르트","=""1190153475""","=""9791190153478""",4.0,영컴,Paperback,256,2020,2018,2022/06/14,2022/06/14,,,read,,,,2,0
29044,The Secret History,Donna Tartt,"Tartt, Donna",,"=""1400031702""","=""9781400031702""",4.0,Vintage Books,Paperback,559,2004,1992,2022/10/18,2021/06/15,,,read,,,,1,0
863334,The Sound and the Fury,William Faulkner,"Faulkner, William",Richard Hughes,"=""0099475014""","=""9780099475019""",3.0,Vintage Classics,Paperback,272,2009,1929,2022/10/07,2022/09/26,,,read,,,,1,0
58340704,Wild and Wicked Things,Francesca  May,"May, Francesca",,"=""0316287156""","=""9780316287159""",4.0,Redhook,Hardcover,432,2022,2022,2022/09/30,2022/09/12,,,read,,,,1,0
23129659,"Adult Children of Emotionally Immature Parents: How to Heal from Distant, Rejecting, or Self-Involved Parents",Lindsay C. Gibson,"Gibson, Lindsay C.",,"=""1626251703""","=""9781626251700""",4.0,New Harbinger Publications,Paperback,201,2015,2015,2022/09/19,2022/03/09,,,read,,,,1,0
56889764,L'ultima estate,André Aciman,"Aciman, André",Valeria Bastia,"=""8823527619""","=""9788823527614""",4.0,Guanda,Paperback,160,2021,2020,2021/05/24,2021/04/23,,,read,,,,1,0
40275288,"The Priory of the Orange Tree (The Roots of Chaos, #1)",Samantha Shannon,"Shannon, Samantha",,"=""1408883457""","=""9781408883457""",4.0,Bloomsbury Publishing,ebook,848,2019,2019,2022/09/12,2021/03/31,,,read,,,,1,0
9547888,Attached: The New Science of Adult Attachment and How It Can Help You Find—and Keep—Love,Amir Levine,"Levine, Amir",Rachel Heller,"=""1585428485""","=""9781585428489""",4.0,Tarcher,Hardcover,304,2010,2010,2022/09/02,2022/04/28,,,read,,,,1,0
58782892,Café Con Lychee,Emery   Lee,"Lee, Emery",,"=""0063210274""","=""9780063210271""",4.0,Quill Tree Books,Hardcover,320,2022,2022,2022/08/30,2022/01/10,,,read,,,,1,0
58884734,Only on the Weekends: A Young Adult Gay Romance Novel in Verse About First Love and Self-Discovery,Dean Atta,"Atta, Dean",,"=""0063157985""","=""9780063157989""",4.0,Quill Tree Books,Hardcover,560,2022,2022,2022/08/29,2022/06/28,,,read,,,,1,0
59912829,Let’s Pretend,Laura Vaughan,"Vaughan, Laura",,"=""1838952055""","=""9781838952051""",3.0,Corvus,Hardcover,336,2022,2022,2022/08/15,2022/08/10,,,read,"I would say this book is 3.5 stars. It was quite good to be fair, and the plot twist was quite unexpected, well thought out, as well as described and carried out.<br/>The story was quite convincing, but for some reasons I kept forgetting the characters were British: might be because they were in the United States of America most of the time. Anyway, the story was very interesting: I liked the idea of the fake romance that leads to something disastrous, but I was expecting the protagonist to be more involved with what happened. 'Let's pretend' felt like watching a Netflix show, one of those great shows that have one season, hit the charts like crazy, and then end because that's just it was meant to be. The writer goes in depth about the protagonist and her life, and exposes the dark side of Hollywood. The book is not only about what happens with Adam, but also how Lily deals with the whole situation from the beginning all the way to the end, and how their relationship affects her personal problems.<br/>Overall, well written book and an enjoyable story. Also, great cover!",,,1,0
50160953,Where We Go From Here,Lucas Rocha,"Rocha, Lucas",Larissa Helena,"=""133855624X""","=""9781338556247""",5.0,Push,Hardcover,288,2020,2018,2022/08/21,2022/06/02,,,read,,,,1,0
59651553,"Below Zero (The STEMinist Novellas, #3)",Ali Hazelwood,"Hazelwood, Ali",,"=""0593437837""","=""9780593437834""",3.0,Berkley,Kindle Edition,112,2022,2022,2022/08/15,2022/08/06,,,read,,,,1,0
59651555,"Stuck with You (The STEMinist Novellas, #2)",Ali Hazelwood,"Hazelwood, Ali",,"=""""","=""""",3.0,Berkley,Kindle Edition,127,2022,2022,2022/08/13,2022/08/06,,,read,,,,1,0
59651557,"Under One Roof (The STEMinist Novellas, #1)",Ali Hazelwood,"Hazelwood, Ali",,"=""0593437810""","=""9780593437810""",4.0,Berkley,Kindle Edition,112,2022,2022,2022/08/09,2022/08/06,,,read,,,,1,0
38462,Giovanni’s Room,James Baldwin,"Baldwin, James",,"=""""","=""""",5.0,Penguin,Paperback,159,2000,1956,2022/08/05,2022/08/05,,,read,,,,1,0
50202540,I Killed Zoe Spanos,Kit Frick,"Frick, Kit",,"=""1534449701""","=""9781534449701""",3.0,Margaret K. McElderry Books,Hardcover,384,2020,2020,2022/08/05,2022/08/03,,,read,,,,1,0
44286258,The Henna Wars,Adiba Jaigirdar,"Jaigirdar, Adiba",,"=""""","=""""",4.0,Page Street Kids,Hardcover,400,2020,2020,2022/08/03,2022/08/02,,,read,,,,1,0
50027029,"You Deserve Each Other (You Deserve Each Other, #1)",Sarah Hogle,"Hogle, Sarah",,"=""""","=""""",5.0,G.P. Putnam's Sons,Kindle Edition,368,2020,2020,2022/08/02,2020/05/23,,,read,,,,1,0
59232998,You Made a Fool of Death with Your Beauty,Akwaeke Emezi,"Emezi, Akwaeke",,"=""1982188707""","=""9781982188702""",3.0,Atria Books,Hardcover,288,2022,2022,2022/07/31,2022/07/20,,,read,,,,1,0
51941088,The Comeback,Ella Berman,"Berman, Ella",,"=""0593099516""","=""9780593099513""",4.0,Berkley,Hardcover,378,2020,2020,2022/07/30,2020/05/05,,,read,,,,1,0
56197428,"A Lot Like Adiós (Primas of Power, #2)",Alexis Daria,"Daria, Alexis",,"=""0062959964""","=""9780062959966""",4.0,Avon,Paperback,387,2021,2021,2022/07/29,2022/07/18,,,read,,,,1,0
52886627,"You Had Me at Hola (Primas of Power, #1)",Alexis Daria,"Daria, Alexis",,"=""006295993X""","=""9780062959935""",4.0,Avon,ebook,384,2020,2020,2022/07/28,2022/07/15,,,read,,,,1,0
13158378,Cinnamon and Gunpowder,Eli Brown,"Brown, Eli",,"=""0374123667""","=""9780374123666""",4.0,"Farrar, Straus and Giroux",Hardcover,318,2013,2013,2022/07/28,2020/10/18,,,read,,,,1,0
44421460,"Before the Coffee Gets Cold (Before the Coffee Gets Cold, #1)",Toshikazu Kawaguchi,"Kawaguchi, Toshikazu",Geoffrey Trousselot,"=""1529029589""","=""9781529029581""",4.0,Picador,Paperback,213,2019,2015,2022/07/26,2022/07/13,,,read,,,,1,0
58739572,Wash Day Diaries,Jamila Rowser,"Rowser, Jamila","Robyn Smith, Bex Glendining, Kazimir Lee","=""1797205455""","=""9781797205458""",5.0,Chronicle Books,Paperback,192,2022,2022,2022/07/25,2022/07/20,,,read,,,,1,0
55648820,Seven Days in June,Tia Williams,"Williams, Tia",,"=""""","=""""",5.0,Grand Central Publishing,Hardcover,336,2021,2021,2022/07/25,2022/04/20,,,read,,,,1,0
55818283,"This Wicked Fate (This Poison Heart, #2)",Kalynn  Bayron,"Bayron, Kalynn",,"=""1547610697""","=""9781547610693""",4.0,Bloomsbury,Kindle Edition,320,2022,2022,2022/07/23,2022/07/01,,,read,,,,1,0
27264289,"This Winter (Solitaire, #0.5)",Alice Oseman,"Oseman, Alice",,"=""0008147884""","=""9780008147884""",5.0,HarperCollins Children's Books,ebook,120,2015,2015,2022/07/21,2022/07/20,,,read,,,,1,0
25793458,Nick and Charlie,Alice Oseman,"Oseman, Alice",,"=""0008147876""","=""9780008147877""",5.0,HarperCollins Children's Books,ebook,120,2015,2015,2022/07/21,2022/07/20,,,read,,,,1,0
53086843,"You've Reached Sam (You've Reached Sam, #1)",Dustin Thao,"Thao, Dustin",,"=""1250762030""","=""9781250762030""",4.0,Wednesday Books,Hardcover,296,2021,2021,2022/07/20,2021/12/12,,,read,,,,1,0
4865,How to Win Friends & Influence People,Dale Carnegie,"Carnegie, Dale",,"=""""","=""""",5.0,Gallery Books,Paperback,288,1998,1936,2022/07/15,2022/05/13,,,read,,,,1,0
52582665,We Were Dreamers: An Immigrant Superhero Origin Story,Simu Liu,"Liu, Simu",,"=""0063046512""","=""9780063046511""",5.0,William Morrow,ebook,320,2022,2022,2022/07/12,2022/05/29,,,read,,,,1,0
59365293,Bad Things Happen Here,Rebecca Barrow,"Barrow, Rebecca",,"=""1534497439""","=""9781534497436""",4.0,Margaret K. McElderry Books,Hardcover,338,2022,2022,2022/07/02,2022/06/22,,,read,"This book was more like 3.75 stars for me, but it was written well and I would be interested in reading more to be fair, so 4 stars.<br/><br/>The book started well and it sounded quite interesting, and the whole premise of the curse was actually quite good. <br/>The book built high stamina throughout and sounded more promising as the story progressed. But there was a point where I almost lost my interest because it sounded very cliché (pregnancy and love affair? Eh) but it picked really well after that and was like 'Woah, definitely did not expect that'. <br/>The ending was good, the mystery is solved (at least in part) and I feel like the author might release a sequel. If it does, I would be happy to read it.<br/><br/>Also, worth mentioning the representation in this book of both POC and LGBTQ+ characters. The characters are represented in a way that it is real, it doesn't feel like a secondary plot to explore, but rather like a part of the character (idk if I am making sense).<br/><br/>A good, interesting mystery that is worth when you want a nice, enjoyable read that doesn't fuck with your head too much. <br/>Very enjoyable read if you are roasting like a chicken on the beach.",,,1,0
42954198,Safely Endangered Comics,Chris McCoy,"McCoy, Chris",,"=""1449497160""","=""9781449497163""",4.0,Andrews McMeel Publishing,Paperback,144,2019,2019,2022/06/26,2022/06/19,,,read,,,,1,0
6057901,Il giorno della civetta,Leonardo Sciascia,"Sciascia, Leonardo",,"=""""","=""""",3.0,Adelphi,Paperback,120,2002,1961,2022/02/21,2022/02/18,,,read,,,,2,0
41890459,BOO! It's Sex (Episodes 16-30),Danielle Corsetto,"Corsetto, Danielle",,"=""""","=""""",5.0,,ebook,15,2018,,2022/06/18,2022/06/18,,,read,,,,1,0
40953854,"Six of Crows (Six of Crows, #1)",Leigh Bardugo,"Bardugo, Leigh",,"=""1510106286""","=""9781510106284""",5.0,Orion Children's Books,Hardcover,494,2018,2015,2021/05/14,2021/05/08,,,read,,,,1,0
61024995,Sable Curse,Little Melon,"Melon, Little",,"=""""","=""""",5.0,Webtoon,Unknown Binding,,2022,,2022/06/14,2022/06/14,,,read,,,,1,0
41020406,The Black Flamingo,Dean Atta,"Atta, Dean",,"=""144494858X""","=""9781444948585""",5.0,Hodder Children's Books,Hardcover,360,2019,2019,2021/09/02,2020/11/30,,,read,I will recommend this book to any person on this earth: I never read a book as quickly that gave me so many emotions in the span of 30 minutes.<br/><br/>Also beautiful cover and layout of the pages (the small hardcover version is *chef's kiss*),,,1,0
37743,Forever...,Judy Blume,"Blume, Judy",,"=""""","=""""",2.0,Pan Childrens,Paperback,178,2005,1975,2020/02/01,2020/02/01,,,read,,,,1,0
56598475,"Il visconte che mi amava (Bridgertons, #2)",Julia Quinn,"Quinn, Julia",Antonella Pieretti,"=""8804724285""","=""9788804724285""",3.0,Mondadori,Paperback,319,2021,2000,2021/11/06,2021/11/02,,,read,"I don't read romance unless it is a subplot of a book, or the occasional YA, so when I was gifted this book I was perplexed. I had to give it a try so I read it. I wasn't displeased with it: the whole enemies to lovers trope was done quite well.<br/>My aromantic ass didn't really enjoy the VERY detailed sex scenes: I felt I was sitting in their room watching them.<br/>And it felt more cringey because it was in my first language, so at times I thought of my parents...<br/><br/>Regardless of that, it was a good book overall, but I don't have the strength to go though all the Bridgerton siblings.<br/><br/>*I was curious about how I was gifted the second book in the series (I didn't read or don't own any other book in the series other than this one). After reading the reviews on the first one, I understand why. After I watched the first season and saw THAT scene I was horrified",,,1,0
53310061,"Dial A for Aunties (Aunties, #1)",Jesse Q. Sutanto,"Sutanto, Jesse Q.",,"=""0593336739""","=""9780593336731""",5.0,Berkley,Hardcover,299,2021,2021,2021/08/20,2021/06/28,,,read,"Oh boy did I not love this book!<br/>This is one of the best comedy/drama books I have read, and I cannot wait to read the sequel.<br/>They are honestly family goals",,,1,0
31322309,One Italian Summer,Keris Stainton,"Stainton, Keris",,"=""1471406385""","=""9781471406386""",3.0,Hot Key Books,Paperback,245,2017,2017,2020/09/13,2019/12/19,,,read,"I am not gonna say much, it was quite a decent book that I enjoyed.<br/><br/>Only thing, we Italians don't smell of oregano and tangerines",,,1,0
43582376,The Body: A Guide for Occupants,Bill  Bryson,"Bryson, Bill",,"=""0385539304""","=""9780385539302""",3.0,Doubleday Books,Hardcover,450,2019,2019,2020/09/09,2020/04/01,,,read,,,,1,0
20453480,Two Boys Kissing,David Levithan,"Levithan, David",,"=""""","=""""",3.0,Egmont UK,Paperback,239,2014,2013,2020/08/21,2020/08/20,,,read,,,,1,0
56385276,"Don't F*cking Panic: The Shit They Don't Tell You in Therapy About Anxiety Disorder, Panic Attacks, & Depression",Kelsey Darragh,"Darragh, Kelsey",,"=""""","=""""",4.0,Thought Catalog Books,Kindle Edition,370,2020,2020,2022/05/30,2022/05/01,,,read,"Honestly this book was quite good. It helped me to understand better why I feel certain things, and to recognise when I do.<br/>It was nice to have the insights of somebody who actually went through what is talked about in the book, like panic attacks. I personally never experienced panic attacks or irritable bowel syndrome (can't remember the complete name) but in case it happens to me or to somebody in the future I might be more helpful than just standing on the side like a fish stick.<br/><br/>I can definitely see the author worked at BuzzFeed 'cause their typical humour kinda stuck with her. But hey it wasn't completely unpleasant.<br/><br/>The little questions at the end were quite good, even though I didn't really apply myself to answer them, but just quickly read them. I think this makes a quite good workbook.<br/><br/>Overall this book was quite good, and contextualising things like anxiety and other mental health issue by drawing advice from first-hand experience gave a more raw and personal touch to this book. Greatly recommend!",,,1,0
7148931,"The 4-Hour Body: An Uncommon Guide to Rapid Fat-Loss, Incredible Sex, and Becoming Superhuman",Timothy Ferriss,"Ferriss, Timothy",,"=""030746363X""","=""9780307463630""",2.0,Crown Pub,Hardcover,571,2010,2000,2022/06/10,2022/05/31,,,read,"I have heard great things about this author, and I had a free credit on audible so I thought I would try this book.<br/><br/>*This is just my opinion. Read it if you are interested or skip it. I really don't care but I just needed to get this out of my system.<br/><br/>At first I was intrigued: the book promised to develop the body of a superhuman with minimal but effective effort. Enticing no?<br/>BUT it was a WHOLE load of absolute crap. Yep, I was disappointed too (It's my personal opinion, everyone has their own perception and this is mine). <br/><br/>Initially, I was like "" hmm let's hear this. He experimented on himself, cool."" Then it said that you should only eat fruit once a week, have a huge cheat day where you almost make yourself sick (and sh*t it out as quickly as possible), and eat a lot of legumes and beans. I swear to whatever deity is up there that, if I rock up to a guy's house and open cabinets, and I see an absurd amount of cans of beans, I will adopt a cat for every can this mf bought. <br/>Just imagine somebody doing this nutrition plan at the supermarket: they would look like those people who build bunkers in their basements to survive whatever cruelty/menace humanity is working on in the moment. <br/>If this wasn't absurd enough, the author discussed how actually reducing your workouts might make you build more muscle instead. Some things were sound, some others weren't (you telling me lifting dumbbells and doing air squats gives you a six pack??), or WILLINGLY subject yourself to ice cold showers and baths. Humans didn't work hard to build entire water systems and pipes for us to bathe like a penguin in the Artic.<br/><br/>And the cherry on top (erhm) was the sex chapter. I was like ""wtf is this?!"". I am not an expert so I can't verify this information, but I am pretty sure I would feel dehumanised if a guy I hooked up with used the opportunity for me to be a lab rat for his experiment. Hopefully the women were aware and for their sake I hope what the book is preaching is true. This chapter taught me more maths and geometry than my math GCSE.<br/><br/>I researched people who allegedly followed this diet, and there are some mixed results out there. I was curious to see if someone out of his test subjects had tried it, and what the results were. <br/>I would be interested to hear doctors and specialists comment on this to see what they think is healthy and what is bs.<br/>Something about this book does not sound healthy at all, and actually ranges on borderline unhinged, but eh to each their own.<br/><br/>**Gotta add that I find it interesting that, while reading the reviews here, I noticed how the majority of men gave this book a high ratings, while women tend to give a lower one. Interesting...",,,1,0
60034700,The End of You,st.mayhemm,"st.mayhemm, st.mayhemm",,"=""""","=""""",5.0,,Unknown Binding,,,,2022/06/10,2022/06/10,,,read,,,,1,0
23006281,The Iliad,Homer,"Homer, Homer","E.V. Rieu, Peter V. Jones, D.C.H. Rieu","=""014139465X""","=""9780141394657""",5.0,Penguin Classics,Hardcover,462,2014,-750,2022/06/06,2021/12/29,,,read,,,,1,0
60808369,"Loki, Lord of Chaos",Carolyn Fallon,"Fallon, Carolyn",,"=""""","=""""",5.0,,WEBTOON,,,,2022/06/05,2022/05/29,,,read,,,,1,0
37502596,The 5 AM Club: Own Your Morning. Elevate Your Life,Robin Sharma,"Sharma, Robin",,"=""1443456632""","=""9781443456630""",3.0,HarperCollins Publishers,ebook,336,2018,2018,2022/05/07,2022/04/28,,,read,"*3.5 stars rounded down.<br/>Ok this book was interesting, both in the good and bad way. I want to talk about more what implementing what the book mentions feels like.<br/><br/>What Sharma is preaching about the benefits of waking up at 5 AM sounds kind of sensible, but I would not believe it until I tried it myself.<br/>After I read the book, I woke up at 5AM religiously and followed a similar routine to what the book advised, adapting it to my needs and school schedule. I felt good at the beginning, but after a month and a half I dreaded the sound of the alarm at 4:55 AM. <br/>I would feel tired at around 3 pm, which is not ideal when your lessons finish at 5, and you need to do homework at night.<br/>I did enjoy the calmness with which my mornings started: taking a walk after waking up and dedicating an hour to myself to read and reflect was enjoyable and it made me feel mentally better. I didn't find sustainable for myself, but you gotta try it out before deciding if it works for you. <br/>But waking up at 5 AM is not for everyone, and the proposed routine does not work when your schedule is decided by somebody else (i.e. school, university or a job). I guess it would work for freelancers and entrepreneurs or something, but it is hard. I did in summer and I was struggling: I can't imagine waking up so early in winter, especially in the UK when the sun comes out at 7 am in the winter months. <br/><br/>Anyway, you can be productive regardless of the time you wake up, but I definitely recommend taking the first hour of your day to dedicate to yourself however you want (you don't need to exercise or journal) to start the day right, and giving yourself about an hour to unwind at the end of the day.",,,1,0
50520939,"The Atlas Six (The Atlas, #1)",Olivie Blake,"Blake, Olivie",,"=""""","=""""",5.0,,Kindle Edition,376,2020,2020,2022/05/11,2021/10/25,,,read,,,,1,0
27385123,A Level Chemistry for OCR A Student Book,Rob Ritchie,"Ritchie, Rob",,"=""0198351976""","=""9780198351979""",3.0,"Oxford University Press, USA",Paperback,616,2015,,2022/05/03,2022/05/03,,,read,"Took me almost two years to read this book because of how content-heavy it is. The information is interesting however the authors waffle a lot (I wonder if they got paid by the word like Alexander Dumas) and a lot of the information can be summarised in a page or two. I attended a series of subject talks by professors and those were far more useful than the book itself. <br/>They also have a series of questions that are kind of useful, however they are nowhere close to exam questions and they deceive you because you think you understood the topic when you really didn't. <br/>Oddly enough, they put the definitions at the end of the topic in the glossary, part of the book that 1/10 student knows about, and not in the actual relevant page.<br/>Also very heavy to carry: I don't know if at this point I have scoliosis or strong back muscles, but one thing I have gained for sure is trauma and hate for colours.",,,1,0
17349137,"The Tiny Book of Tiny Stories, Vol. 3",Joseph Gordon-Levitt,"Gordon-Levitt, Joseph",Toff 'wirrow' Mazery,"=""0062121650""","=""9780062121653""",4.0,Dey Street Books,Hardcover,128,2013,2013,2022/04/30,2022/04/30,,,read,Cute stories,,,1,0
13623923,"The Tiny Book of Tiny Stories, Vol. 2",Joseph Gordon-Levitt,"Gordon-Levitt, Joseph",Toff 'wirrow' Mazery,"=""0062121634""","=""9780062121639""",4.0,Dey Street Books,Hardcover,127,2012,2012,2022/04/30,2022/04/30,,,read,This was cute. Many potential wallpapers,,,1,0
25817310,Dreamology: A Love Story,Lucy Keating,"Keating, Lucy",,"=""0062380001""","=""9780062380005""",3.0,HarperCollins,Hardcover,329,2016,2016,2020/08/08,2020/08/06,,,read,,,,1,0
544891,"Beastly (Beastly, #1)",Alex Flinn,"Flinn, Alex",,"=""0060874163""","=""9780060874162""",3.0,HarperCollins,Hardcover,336,2007,2007,2020/07/20,2020/02/18,,,read,,,,1,0
30653853,"The Upside of Unrequited (Simonverse, #2)",Becky Albertalli,"Albertalli, Becky",,"=""0062348701""","=""9780062348708""",3.0,HarperCollins,Hardcover,336,2017,2017,2020/08/17,2019/12/19,,,read,,,,1,0
38314254,Toxic,Nicci Cloke,"Cloke, Nicci",,"=""1471406598""","=""9781471406591""",2.0,Hot Key Books,Kindle Edition,234,2018,2018,2020/09/25,2020/09/10,,,read,,,,1,0
44281034,The Gravity of Us,Phil Stamper,"Stamper, Phil",,"=""1547600144""","=""9781547600144""",3.0,Bloomsbury YA,Hardcover,314,2020,2020,2020/10/14,2020/04/12,,,read,,,,1,0
32860355,"Alex and Eliza (Alex & Eliza, #1)",Melissa de la Cruz,"Cruz, Melissa de la",,"=""1524739626""","=""9781524739621""",3.0,G.P. Putnam's Sons Books for Young Readers,Hardcover,368,2017,2017,2020/10/16,2020/07/02,,,read,,,,1,0
16130,Alexander Hamilton,Ron Chernow,"Chernow, Ron",,"=""""","=""""",4.0,Penguin Books,Paperback,818,2005,2004,2020/10/20,2020/06/16,,,read,,,,1,0
255289,Starstruck,Richie Tankersley Cusick,"Cusick, Richie Tankersley",,"=""0671551043""","=""9780671551049""",3.0,Simon Pulse,Mass Market Paperback,240,1996,1996,2020/08/11,2020/08/09,,,read,,,,1,0
21460441,Channel Blue,Jay Martel,"Martel, Jay",,"=""1781855811""","=""9781781855812""",2.0,Head of Zeus,Mass Market Paperback,384,2014,2013,2020/11/10,2020/11/08,,,read,,,,1,1
36173888,First Job (Minimum Wage Sidekick #1),Lucas Flint,"Flint, Lucas",,"=""1974518760""","=""9781974518760""",3.0,CreateSpace Independent Publishing Platform,Paperback,246,2017,2017,2020/11/19,2020/11/17,,,read,,,,1,1
52080595,The Boy in the Red Dress,Kristin Lambert,"Lambert, Kristin",,"=""0593113683""","=""9780593113684""",3.0,Viking Books for Young Readers,Hardcover,362,2020,2020,2020/11/29,2020/11/29,,,read,,,,1,0
54235323,Hungry,Grace Dent,"Dent, Grace",,"=""0008333173""","=""9780008333171""",3.0,Mudlark,Hardcover,304,2020,2020,2020/12/20,2020/12/19,,,read,,,,1,0
23575434,"Matt's Story (The Night We Said Yes, #0.5)",Lauren Gibaldi,"Gibaldi, Lauren",,"=""0062391550""","=""9780062391551""",3.0,HarperTeen,Unknown Binding,91,2015,2015,2020/12/29,2019/11/18,,,read,,,,1,0
44081573,"Finna (LitenVerse, #1)",Nino Cipri,"Cipri, Nino",,"=""1250245729""","=""9781250245724""",3.0,Tor.com,Kindle Edition,103,2020,2020,2021/02/21,2021/02/21,,,read,,,,1,0
54303770,Good Eggs,Rebecca Hardiman,"Hardiman, Rebecca",,"=""1982164298""","=""9781982164294""",3.0,Atria Books,Hardcover,336,2021,2021,2021/03/15,2021/03/04,,,read,,,,1,0
23287168,"The Night We Said Yes (The Night We Said Yes, #1)",Lauren Gibaldi,"Gibaldi, Lauren",,"=""0062302191""","=""9780062302199""",3.0,HarperCollins,Hardcover,294,2015,2015,2021/03/22,2019/11/18,,,read,,,,1,0
56071105,The Heretic's Mark (Nicholas Shelby #4),S.W. Perry,"Perry, S.W.",,"=""1786499029""","=""9781786499028""",3.0,Corvus ,Kindle Edition,396,2021,,2021/03/31,2021/03/23,,,read,,,,1,0
57584081,Mysteries of the First Instant: Illuminating What Science Hasn’t Answered about the Inception of Our Universe (Origins),Daniel Friedmann,"Friedmann, Daniel",Dania Sheldon,"=""""","=""""",2.0,,Kindle Edition,296,2021,,2021/04/12,2021/04/08,,,read,,,,1,0
57771065,Heroes of Atlantis: Legend of the Fire Dragon,Ryan Carriere,"Carriere, Ryan",,"=""""","=""""",3.0,,Kindle Edition,,2021,,2021/05/02,2021/05/02,,,read,,,,1,0
53459455,Snowflake,Louise Nealon,"Nealon, Louise",,"=""1786580691""","=""9781786580696""",3.0,Manilla Press,Paperback,376,2021,2021,2021/05/08,2021/05/03,,,read,"          I fell in love with this book from the moment I received it: the cover is so cool! It is slightly rough in the turquoise part, shiny and smooth in the orange part. <br/>'Snowflake' is a wonderful story, and the author is so talented.<br/>The way she goes through the various changes and struggles of a family, of a new student in university, and how she made real every feeling and emotions the characters felt was marvellous. <br/>It almost felt like I was watching a series, or knew the characters like old friends.<br/>She made the story realistic, where the characters have their ups and lows, their issues, different way to grieve, and made the relationships the friendships, the fights and the apologies real.<br/>This is probably the only book where it feels more like non-fiction, because of how real and close to home it feels.<br/>I am mesmerised by how well the characters are built and were developed throughout the book.<br/>A great book that I highly recommend to anyone!<br/>        ",,,1,0
57594582,Hana Khan Carries On,Uzma Jalaluddin,"Jalaluddin, Uzma",,"=""1838953574""","=""9781838953577""",4.0,Corvus,Kindle Edition,325,2021,2021,2021/05/17,2021/05/15,,,read,,,,1,0
34215764,Remote Control,Nnedi Okorafor,"Okorafor, Nnedi",,"=""""","=""""",3.0,Tordotcom,Kindle Edition,156,2021,2021,2021/05/14,2021/05/14,,,read,,,,1,0
12000020,"Aristotle and Dante Discover the Secrets of the Universe (Aristotle and Dante, #1)",Benjamin Alire Sáenz,"Sáenz, Benjamin Alire",,"=""1442408928""","=""9781442408920""",4.0,Simon & Schuster Books for Young Readers,Hardcover,390,2012,2012,2021/05/30,2019/11/09,,,read,,,,1,0
57939073,The Nine: How a Band of Daring Resistance Women Escaped from Nazi Germany - The Powerful True Story,Gwen Strauss,"Strauss, Gwen",,"=""183877209X""","=""9781838772093""",3.0,Manilla Press,Kindle Edition,338,2021,2021,2021/06/07,2021/06/06,,,read,,,,1,0
38447,"The Handmaid’s Tale (The Handmaid's Tale, #1)",Margaret Atwood,"Atwood, Margaret",,"=""038549081X""","=""9780385490818""",4.0,Anchor Books,Paperback,311,1998,1985,2021/07/10,2021/07/03,,,read,,,,1,0
49632708,The Burning,Laura Bates,"Bates, Laura",,"=""1728206731""","=""9781728206738""",3.0,Sourcebooks Fire,Hardcover,352,2020,2019,2021/09/06,2020/09/18,,,read,,,,1,0
43900612,Cinderella Is Dead,Kalynn  Bayron,"Bayron, Kalynn",,"=""1547603887""","=""9781547603886""",4.0,Bloomsbury YA,ebook,400,2020,2020,2021/09/13,2021/09/06,,,read,,,,1,0
18584855,Heartless,Marissa Meyer,"Meyer, Marissa",,"=""1250044650""","=""9781250044655""",4.0,Feiwel & Friends,Hardcover,453,2016,2016,2021/09/26,2020/07/26,,,read,,,,1,0
49757149,The Cousins,Karen M. McManus,"McManus, Karen M.",,"=""0525708014""","=""9780525708018""",3.0,Delacorte Press,Library Binding,337,2020,2020,2021/10/03,2020/08/28,,,read,,,,1,0
114437,Address Unknown,Kathrine Kressmann Taylor,"Taylor, Kathrine Kressmann",,"=""0743412710""","=""9780743412711""",3.0,Washington Square Press,Paperback,64,2001,1938,2021/12/27,2021/12/27,,,read,,,,1,0
56732449,The Love Hypothesis,Ali Hazelwood,"Hazelwood, Ali",,"=""0593336828""","=""9780593336823""",4.0,Berkley Books,Paperback,383,2021,2021,2022/01/23,2022/01/20,,,read,,,,1,0
18290401,Show Your Work!: 10 Ways to Share Your Creativity and Get Discovered,Austin Kleon,"Kleon, Austin",,"=""076117897X""","=""9780761178972""",4.0,Workman Publishing Company,Paperback,215,2014,2014,2022/03/01,2022/02/26,,,read,,,,1,0
56554281,"This Woven Kingdom (This Woven Kingdom, #1)",Tahereh Mafi,"Mafi, Tahereh",,"=""0062972464""","=""9780062972460""",4.0,HarperCollins,ebook,512,2022,2022,2022/02/14,2021/12/21,,,read,,,,1,0
54738255,If This Gets Out,Sophie Gonzales,"Gonzales, Sophie",Cale Dietrich,"=""1250805805""","=""9781250805805""",4.0,Wednesday Books,Hardcover,404,2021,2021,2022/04/23,2022/01/26,,,read,,,,1,0
35216509,"They Both Die at the End (Death-Cast, #1)",Adam Silvera,"Silvera, Adam",,"=""1471166201""","=""9781471166204""",4.0,Simon & Schuster,Paperback,373,2017,2017,2020/02/08,2020/02/05,,,read,,,,1,0
59522159,"Lost Stars (Wicked Academia, #1)",Jasmine  Jenkins,"Jenkins, Jasmine",Sophie Suliman,"=""""","=""9781778031908""",5.0,Luna Fox Press,Hardcover,344,2022,2022,2022/04/17,2022/01/02,,,read,"*Note: I was given an ARC for an honest review<br/><br/>This book has been sitting in my Goodreads TBR for too long, so when I saw the opportunity to get an ARC I jumped.<br/><br/>Wicked Academia is a very well written fantasy book, with well-written characters.<br/><br/>I liked how it slowly built up to the triplets going to the Celestial Academy, and didn't rush into it, like many other fantasy books. <br/>This created a good atmosphere and you really get to know the characters. <br/>The triplets are each so unique and different, completing each other. Marion is a traumatised, sweet girl who takes a lot of responsibility, Vivian is sweet and romantic, and Timothee deserves to be wrapped in a blanket because he is stepped on too much.<br/>I am not a fan of a romance, love at first sight and all that, but I am lenient towards the enemies to lovers/love hate trope, like Khalid and Marion's relationship. They have me rooting for them like British lads at Wembley, and THAT ONE SCENE! I was reading it on the Underground and my face went like :-O.<br/>Darius and Vivian are so pure and cute, and it's easy to see where their dynamic is going.<br/><br/>I thought the book was going to continue past the Star Ceremony (which held me on edge till all of them swallowed their stars) and I want more: I am glad the sequel is being released soon. <br/><br/>Well executed world, well built relationships and friends, and well thought of magic. I can see the world and the society was thoroughly planned to the smallest details, and so were the characters.<br/><br/>In the future sequels I would like to read more of the original story of the Gods, and about the triplets' father/kidnapper??<br/><br/>I enjoyed this very much and I am excited for the sequels. 10/10",true,,1,0
60691841,Señorita Cometa,NOT A BOOK,"BOOK, NOT A",,"=""""","=""""",4.0,Webtoon ,,,2022,,2022/04/05,2022/03/27,,,read,,,,1,0
55959475,"The Ivory Key (The Ivory Key Duology, #1)",Akshaya Raman,"Raman, Akshaya",,"=""0358468337""","=""9780358468332""",4.0,Clarion Books,Hardcover,384,2022,2022,2022/04/06,2022/01/05,,,read,,,,1,0
59835427,Reunion,stephattyy,"stephattyy, stephattyy",,"=""""","=""""",5.0,Webtoon,ebook,,2022,,2022/03/28,2022/03/20,,,read,,,,1,0
59976778,Edith,NOT A BOOK,"BOOK, NOT A",,"=""""","=""""",5.0,Webtoon,,,2019,,2022/03/28,2022/03/28,,,read,,,,1,0
53360034,"Edith, Season 2",NOT A BOOK,"BOOK, NOT A",,"=""""","=""""",5.0,Line Webtoon,,,2020,,2022/03/26,2022/03/22,,,read,,,,1,0
43133212,Immortal Hulk: The Best Defense #1,Al Ewing,"Ewing, Al","Ron Garney, Simone Di Meo","=""""","=""""",4.0,Marvel,Kindle Edition,33,2018,,2022/03/26,2022/03/26,,,read,,,,1,0
44306172,"Edith, Season 1",NOT A BOOK,"BOOK, NOT A",,"=""""","=""""",5.0,Line Webtoon,,,,,2022/03/23,2022/03/22,,,read,,,,1,0
60380732,Planetarium,Balce_Arts,"Balce_Arts, Balce_Arts",,"=""""","=""""",5.0,Webtoon,ebook,,2021,,2022/03/22,2022/03/20,,,read,,,,1,0
54791043,"Lore Olympus, Season 2",NOT A BOOK,"BOOK, NOT A",,"=""""","=""""",5.0,Webtoon ,Webcomic,710,2020,2020,2022/03/18,2021/11/19,,,read,,,,1,0
52800888,High Class Homos,NOT A BOOK,"BOOK, NOT A",,"=""""","=""""",5.0,,ebook,,,,2022/03/18,2022/03/18,,,read,,,,1,0
55004121,"An Emotion of Great Delight: A YA Novel of Muslim American Identity, Grief, and Hope in Post-9/11 America",Tahereh Mafi,"Mafi, Tahereh",,"=""0062972413""","=""9780062972415""",5.0,Storytide,Hardcover,248,2021,2021,2022/03/13,2022/03/12,,,read,,,,1,0
22318578,The Life-Changing Magic of Tidying Up: The Japanese Art of Decluttering and Organizing,Marie Kondō,"Kondō, Marie",,"=""1607747308""","=""9781607747307""",5.0,Ten Speed Press,Hardcover,224,2014,2010,2022/03/05,2022/03/02,,,read,,,,1,0
11468377,"Thinking, Fast and Slow",Daniel Kahneman,"Kahneman, Daniel",,"=""0374275637""","=""9780374275631""",3.0,"Farrar, Straus and Giroux",Hardcover,499,2011,2011,2020/08/25,2020/04/01,,,read,,,,1,0
57295345,"The Boy with Fire (The Ravence Trilogy, #1)",Aparna Verma,"Verma, Aparna",,"=""1636764576""","=""9781636764573""",5.0,New Degree Press,Paperback,436,2021,2023,2022/02/06,2021/12/28,,,read,,,,1,0
57693176,The Arc,Tory Henwood Hoen,"Hoen, Tory Henwood",,"=""1250276772""","=""9781250276773""",4.0,St. Martin's Press,Hardcover,352,2022,2022,2022/01/28,2022/01/23,,,read,,,,1,0
57408095,Our Country Friends,Gary Shteyngart,"Shteyngart, Gary",,"=""1984855123""","=""9781984855121""",3.0,Random House,Hardcover,317,2021,2021,2022/01/20,2022/01/15,,,read,,,,1,0
55977979,Symbiosis (Shuri: A Black Panther Novel #3),Nic Stone,"Stone, Nic",,"=""1338766538""","=""9781338766530""",5.0,Scholastic Inc.,Hardcover,264,2022,2022,2022/01/14,2022/01/05,,,read,,,,1,0
42603984,Ace of Spades,Faridah Àbíké-Íyímídé,"Àbíké-Íyímídé, Faridah",,"=""1474967531""","=""9781474967532""",5.0,Usborne ,Paperback,470,2021,2021,2022/01/10,2021/11/10,,,read,,,,1,0
59348871,Remember My Name,Sam  Blake,"Blake, Sam",,"=""1838952969""","=""9781838952969""",4.0,Corvus,Kindle Edition,400,2022,2022,2022/01/06,2021/12/28,,,read,,,,1,0
48722413,All Men Want to Know,Nina Bouraoui,"Bouraoui, Nina",Aneesa Abbas Higgins,"=""0241447720""","=""9780241447727""",4.0,Viking,Paperback,192,2020,2018,2021/12/31,2021/12/29,,,read,,,,1,0
40024121,"The Gilded Ones (Deathless, #1)",Namina Forna,"Forna, Namina",,"=""1984848704""","=""9781984848703""",5.0,Delacorte,Kindle Edition,432,2021,2020,2021/12/31,2021/12/26,,,read,,,,1,0
52459864,"Iron Widow (Iron Widow, #1)",Xiran Jay Zhao,"Zhao, Xiran Jay",,"=""0735269939""","=""9780735269934""",5.0,Penguin Teen,Hardcover,394,2021,2021,2021/12/25,2021/12/12,,,read,,,,1,0
59665844,The Ethics of Infatuation Dynamics (Heartstopper),Lauren   James,"James, Lauren","Wren James, Alice Oseman","=""""","=""""",5.0,https://heartstoppercomic.tumblr.com/post/671177210816823296/,ebook,12,2021,2021,2021/12/21,2021/12/21,,,read,,,,1,0
50225678,"Boyfriend Material (London Calling, #1)",Alexis  Hall,"Hall, Alexis",,"=""1728206146""","=""9781728206141""",4.0,Sourcebooks Casablanca,Paperback,425,2020,2020,2021/12/17,2020/07/08,,,read,,,,1,0
36307674,"Rule of Wolves (King of Scars, #2)",Leigh Bardugo,"Bardugo, Leigh",,"=""1510109188""","=""9781510109186""",5.0,Orion Children's Books,Paperback,592,2021,2021,2021/12/16,2021/05/23,,,read,,,,1,0
36307634,"King of Scars (King of Scars, #1)",Leigh Bardugo,"Bardugo, Leigh",,"=""125014227X""","=""9781250142276""",5.0,Imprint,Kindle Edition,527,2019,2019,2021/12/02,2021/03/22,,,read,,,,1,0
54463960,"NOT A BOOK: Lore Olympus, Season 1",NOT A BOOK,"BOOK, NOT A",,"=""""","=""""",5.0,Webtoon,Webcomic,1150,2018,2018,2021/11/26,2021/11/19,,,read,,,,1,0
56623541,What Once Was Mine,Liz Braswell,"Braswell, Liz",,"=""1368063829""","=""9781368063821""",5.0,Random House/Disney,Hardcover,496,2021,2021,2021/11/18,2021/03/16,,,read,,,,1,0
3653782,"The Viscount Who Loved Me: The 2nd Epilogue (Bridgertons, #2.5)",Julia Quinn,"Quinn, Julia",,"=""006123544X""","=""9780061235443""",3.0,Harper Collins,ebook,34,2006,2006,2021/11/06,2021/11/06,,,read,,,,1,0
51791252,The Vanishing Half,Brit Bennett,"Bennett, Brit",,"=""0525536299""","=""9780525536291""",4.0,Riverhead Books,Hardcover,343,2020,2020,2021/11/01,2020/05/05,,,read,,,,1,0
40580686,"War Girls (War Girls, #1)",Tochi Onyebuchi,"Onyebuchi, Tochi",,"=""0451481674""","=""9780451481672""",4.0,Razorbill,Hardcover,451,2019,2019,2021/10/30,2020/05/05,,,read,,,,1,0
53327839,"Muse (Muse, #1)",Brittany Cavallaro,"Cavallaro, Brittany",,"=""0062840258""","=""9780062840257""",4.0,HarperCollins,Hardcover,332,2021,2021,2021/10/25,2021/10/21,,,read,,,,1,0
44084665,The Ones We're Meant to Find,Joan He,"He, Joan",,"=""125025857X""","=""9781250258571""",4.0,Roaring Brook,Kindle Edition,384,2021,2021,2021/10/21,2021/09/16,,,read,,,,1,0
34506912,The Prince and the Dressmaker,Jen Wang,"Wang, Jen",,"=""162672363X""","=""9781626723634""",4.0,First Second,Paperback,277,2018,2018,2021/10/18,2021/10/18,,,read,,,,1,0
54860241,"This Poison Heart (This Poison Heart, #1)",Kalynn  Bayron,"Bayron, Kalynn",,"=""1547603909""","=""9781547603909""",5.0,Bloomsbury YA,Hardcover,384,2021,2021,2021/10/17,2021/09/13,,,read,,,,1,0
52741096,Heartstopper: The Mini Comics,NOT A BOOK,"BOOK, NOT A",,"=""""","=""""",5.0,,ebook,74,2017,2017,2021/10/07,2021/10/07,,,read,,,,1,0
49628682,Heartstopper: Become Human,Alice Oseman,"Oseman, Alice",,"=""""","=""""",5.0,,ebook,128,2019,2019,2021/10/07,2021/10/07,,,read,,,,1,0
56494361,What We're Scared Of,Keren David,"David, Keren",,"=""1407196448""","=""9781407196442""",4.0,Scholastic,Paperback,320,2021,2021,2021/10/05,2021/10/04,,,read,,,,1,0
51574372,"Heartstopper: Volume Four (Heartstopper, #4)",Alice Oseman,"Oseman, Alice",,"=""144495279X""","=""9781444952797""",5.0,HACHETTE INTL,Paperback,384,2021,2021,2021/09/25,2021/09/25,,,read,,,,1,0
43449920,"Heartstopper: Volume Three (Heartstopper, #3)",Alice Oseman,"Oseman, Alice",,"=""""","=""""",5.0,Hodder Children's Books,Paperback,384,2020,2020,2021/09/25,2021/09/25,,,read,,,,1,0
43307358,"Heartstopper: Volume Two (Heartstopper, #2)",Alice Oseman,"Oseman, Alice",,"=""1444951408""","=""9781444951400""",5.0,Hodder Children's Books,Paperback,320,2019,2019,2021/09/25,2021/09/02,,,read,,,,1,0
217253,Unarranged Marriage,Bali Rai,"Rai, Bali",,"=""0552547344""","=""9780552547345""",3.0,Corgi,Paperback,272,2001,2001,2021/09/16,2021/09/13,,,read,,,,1,0
40495957,"Heartstopper: Volume One (Heartstopper, #1)",Alice Oseman,"Oseman, Alice",,"=""""","=""""",5.0,Selfpublished,Paperback,288,2018,2018,2021/09/02,2021/09/02,,,read,,,,1,0
17341550,"Trust Me, I'm Lying (Trust Me, #1)",Mary Elizabeth Summer,"Summer, Mary Elizabeth",,"=""0385744064""","=""9780385744065""",3.0,Delacorte Press,Hardcover,336,2014,2014,2021/09/01,2020/01/12,,,read,,,,1,0
53968551,Sixteen Scandals,Sophie Jordan,"Jordan, Sophie",,"=""0358206219""","=""9780358206217""",3.0,Clarion Books,Hardcover,256,2021,2021,2021/08/29,2020/11/30,,,read,,,,1,0
50892338,"Legendborn (The Legendborn Cycle, #1)",Tracy Deonn,"Deonn, Tracy",,"=""1534441603""","=""9781534441606""",5.0,Margaret K. McElderry Books,Hardcover,502,2020,2020,2021/08/27,2020/09/18,,,read,,,,1,0
35388756,The Fiesta Burger Murder (Burger Bar #1),Rosie A. Point,"Point, Rosie A.",,"=""""","=""""",3.0,Amazon Digital Services,Kindle Edition,214,2017,,2021/08/21,2021/08/21,,,read,,,,1,0
55812889,"Cold Hearted (Villains, #8)",Serena Valentino,"Valentino, Serena",,"=""""","=""""",5.0,Disney Press,Paperback,304,2021,2021,2021/08/19,2021/05/01,,,read,,,,1,0
656,War and Peace,Leo Tolstoy,"Tolstoy, Leo","Aylmer Maude, Louise Maude","=""0192833987""","=""9780192833983""",5.0,Oxford University Press,Paperback,1392,1998,1868,2021/08/16,2021/07/16,,,read,,,,1,0
1543038,Disorder in the Court: Great Fractured Moments in Courtroom History,Charles M. Sevilla,"Sevilla, Charles M.",Lee Lorenz,"=""0393319288""","=""9780393319286""",3.0,W. W. Norton & Company,Paperback,255,1999,1992,2021/08/04,2021/03/10,,,read,,,,1,0
57727036,Nella mia testa (Italian Edition),Nicola Conversa,"Conversa, Nicola",,"=""8831803948""","=""9788831803946""",4.0,Rizzoli,Kindle Edition,198,2021,,2021/07/29,2021/04/16,,,read,,,,1,0
54817211,Go the Distance,Jen Calonita,"Calonita, Jen",,"=""1368063802""","=""9781368063807""",5.0,Random House/Disney,Hardcover,336,2021,2021,2021/07/15,2020/10/31,,,read,,,,1,0
34076952,"The Language of Thorns: Midnight Tales and Dangerous Magic (Grishaverse, #0.5, 2.5, 2.6)",Leigh Bardugo,"Bardugo, Leigh",Sara Kipin,"=""125012252X""","=""9781250122520""",4.0,Imprint,Hardcover,281,2017,2017,2021/07/03,2021/05/23,,,read,,,,1,0
20818790,"Little Knife (Grishaverse, #2.6)",Leigh Bardugo,"Bardugo, Leigh",,"=""1466873531""","=""9781466873537""",4.0,Tor Books,ebook,32,2014,2014,2021/07/03,2021/06/28,,,read,,,,1,0
13643163,"The Witch of Duva (Grishaverse, #0.5)",Leigh Bardugo,"Bardugo, Leigh",,"=""1466820756""","=""9781466820753""",4.0,Tor,ebook,48,2012,2012,2021/07/02,2021/06/28,,,read,,,,1,0
17790188,"The Too-Clever Fox (Grishaverse, #2.5)",Leigh Bardugo,"Bardugo, Leigh",,"=""1466846097""","=""9781466846098""",4.0,Tor Books,ebook,32,2013,2013,2021/07/01,2021/06/28,,,read,,,,1,0
51475366,Eartheater,Dolores Reyes,"Reyes, Dolores",Julia Sanches,"=""0062987739""","=""9780062987730""",3.0,HarperVia,Hardcover,207,2020,2019,2021/06/29,2020/11/19,,,read,,,,1,0
35380157,Opposite of Always,Justin A. Reynolds,"Reynolds, Justin A.",,"=""0062748394""","=""9780062748393""",4.0,Katherine Tegen Books,Kindle Edition,451,2019,2019,2021/06/26,2021/06/21,,,read,,,,1,0
55082663,Hypercage (Instant Reality #0.5),Craig Lea Gordon,"Gordon, Craig Lea",,"=""""","=""""",3.0,Craig Lea Gordon,Kindle Edition,47,2020,2016,2021/06/21,2021/06/20,,,read,,,,1,0
13079982,Fahrenheit 451,Ray Bradbury,"Bradbury, Ray",,"=""""","=""""",3.0,Simon & Schuster,Mass Market Paperback,249,2011,1963,2021/06/20,2019/07/12,,,read,,,,1,0
15790982,Absent,Katie Williams,"Williams, Katie",,"=""0811871509""","=""9780811871501""",3.0,Chronicle Books,Hardcover,180,2013,2013,2021/06/19,2021/06/17,,,read,,,,1,0
49247242,Ring Shout,P. Djèlí Clark,"Clark, P. Djèlí",,"=""1250767024""","=""9781250767028""",3.0,Tordotcom,Hardcover,185,2020,2020,2021/06/17,2020/11/19,,,read,,,,1,0
54205369,The Lives of Saints (Grishaverse),Leigh Bardugo,"Bardugo, Leigh",Daniel J. Zollinger,"=""125076520X""","=""9781250765208""",4.0,Imprint,Hardcover,121,2020,2020,2021/06/15,2021/05/23,,,read,,,,1,0
53152636,Mexican Gothic,Silvia Moreno-Garcia,"Moreno-Garcia, Silvia",,"=""0525620788""","=""9780525620785""",4.0,Del Rey,Hardcover,320,2020,2020,2021/06/14,2020/05/05,,,read,,,,1,0
36484081,"These Witches Don't Burn (These Witches Don't Burn, #1)",Isabel Sterling,"Sterling, Isabel",,"=""0451480333""","=""9780451480330""",3.0,Razorbill,Kindle Edition,336,2019,2019,2021/06/05,2020/11/30,,,read,,,,1,0
51931067,Felix Ever After,Kacen Callender,"Callender, Kacen",,"=""0062820257""","=""9780062820259""",5.0,Balzer + Bray,Hardcover,368,2020,2020,2021/06/05,2020/05/13,,,read,,,,1,0
49532216,The Paris Hours,Alex George,"George, Alex",,"=""125030718X""","=""9781250307187""",3.0,Flatiron Books,Hardcover,272,2020,2020,2021/06/02,2020/05/05,,,read,,,,1,0
39709422,The City of Dreams (Vale of Stars 0.5),Hailey Griffiths,"Griffiths, Hailey",,"=""""","=""""",4.0,Hailey Griffiths,Kindle Edition,77,2017,,2021/05/31,2021/05/31,,,read,,,,1,0
114683,Wall and Piece,Banksy,"Banksy, Banksy",,"=""1844137872""","=""9781844137879""",4.0,Century,Paperback,240,2006,2005,2021/05/27,2020/04/16,,,read,,,,1,0
67238,Dead Poets Society,N.H. Kleinbaum,"Kleinbaum, N.H.",Tom Schulman,"=""0553282980""","=""9780553282986""",4.0,Starfire,Paperback,166,1989,1988,2021/05/27,2020/07/22,,,read,,,,1,0
42201962,The Deep,Rivers Solomon,"Solomon, Rivers","Daveed Diggs, William Hutson, Jonathan Snipes","=""1534439862""","=""9781534439863""",4.0,S&S/Saga Press,Hardcover,166,2019,2019,2021/05/23,2020/04/14,,,read,,,,1,0
22299763,"Crooked Kingdom (Six of Crows, #2)",Leigh Bardugo,"Bardugo, Leigh",,"=""""","=""""",5.0,Orion Children's Books,Kindle Edition,561,2016,2016,2021/05/20,2021/04/24,,,read,,,,1,0
14061957,"Ruin and Rising (Shadow and Bone, #3)",Leigh Bardugo,"Bardugo, Leigh",,"=""""","=""""",4.0,Henry Holt and Company,Hardcover,432,2014,2014,2021/05/02,2021/04/19,,,read,,,,1,0
14061955,"Siege and Storm (The Shadow and Bone Trilogy, #2)",Leigh Bardugo,"Bardugo, Leigh",,"=""""","=""""",4.0,Henry Holt and Company,Hardcover,435,2013,2013,2021/04/29,2021/04/19,,,read,,,,1,0
17997353,"The Tailor (The Shadow and Bone Trilogy, #1.5)",Leigh Bardugo,"Bardugo, Leigh",,"=""""","=""""",4.0,Holt Children's/Macmillan,ebook,18,2013,2013,2021/04/24,2021/04/24,,,read,,,,1,0
10194157,"Shadow and Bone (Shadow and Bone, #1)",Leigh Bardugo,"Bardugo, Leigh",,"=""1250048117""","=""9781250048110""",4.0,Henry Holt & Company,Hardcover,358,2012,2012,2021/04/24,2021/03/22,,,read,,,,1,0
24641800,"The Demon in the Wood (Grishaverse, #0.1)",Leigh Bardugo,"Bardugo, Leigh",,"=""""","=""""",4.0,Henry Holt and Co.,ebook,30,2014,2014,2021/04/19,2021/04/19,,,read,,,,1,0
53879204,The Silence,Don DeLillo,"DeLillo, Don",,"=""1982164557""","=""9781982164553""",2.0,Scribner,Hardcover,117,2020,2020,2021/04/18,2021/04/18,,,read,,,,1,0
41473872,"I Wish You All the Best (I Wish You All the Best, #1)",Mason Deaver,"Deaver, Mason",,"=""""","=""""",5.0,Push,Hardcover,329,2019,2019,2021/04/18,2019/12/19,,,read,,,,1,0
52531026,The Cancer Ladies' Running Club,Josie Lloyd,"Lloyd, Josie",,"=""0008373655""","=""9780008373658""",5.0,HQ,Paperback,400,2021,2020,2021/04/16,2021/04/05,,,read,,,,1,0
43352274,I'm Not Dying with You Tonight,Kimberly   Jones,"Jones, Kimberly",Gilly Segal,"=""1492678899""","=""9781492678892""",4.0,Sourcebooks Fire,Hardcover,249,2019,2019,2021/04/04,2021/03/29,,,read,,,,1,0
39904011,#TheRealCinderella (#BestFriendsForever #1),Yesenia Vargas,"Vargas, Yesenia",,"=""""","=""""",3.0,Yesenia Vargas,Kindle Edition,286,2018,2018,2021/04/02,2020/06/05,,,read,,,,1,0
17061,Coraline,Neil Gaiman,"Gaiman, Neil",Dave McKean,"=""0061139378""","=""9780061139376""",4.0,William Morrow Paperbacks,Paperback,208,2006,2002,2021/03/03,2019/11/30,,,read,,,,1,0
51020054,The Unstoppable Wasp: Built On Hope,Sam Maggs,"Maggs, Sam",,"=""136805465X""","=""9781368054652""",5.0,Marvel,Hardcover,272,2020,2020,2021/02/28,2020/07/05,,,read,,,,1,0
16115612,And the Mountains Echoed,Khaled Hosseini,"Hosseini, Khaled",,"=""159463176X""","=""9781594631764""",5.0,Riverhead Books,Hardcover,404,2013,2012,2021/02/13,2021/02/21,,,read,,,,1,0
44581535,"Find Me (Call Me By Your Name, #2)",André Aciman,"Aciman, André",,"=""0374155011""","=""9780374155018""",4.0,"Farrar, Straus and Giroux",Hardcover,260,2019,2019,2021/02/20,2021/02/05,,,read,,,,1,0
52664757,The Vanished (Shuri: A Black Panther Novel #2),Nic Stone,"Stone, Nic",,"=""1338587188""","=""9781338587180""",5.0,Scholastic Inc.,Hardcover,264,2021,2021,2021/02/17,2020/08/19,,,read,,,,1,0
55437819,Stella,Takis Würger,"Würger, Takis",Liesl Schillinger,"=""0802149170""","=""9780802149176""",4.0,Grove Press,Hardcover,208,2021,2019,2021/02/08,2021/02/05,,,read,,,,1,0
270540,"Runaways, Vol. 7: Live Fast",Brian K. Vaughan,"Vaughan, Brian K.","Adrian Alphona, Mike Norton","=""0785122672""","=""9780785122678""",4.0,Marvel Enterprises,Paperback,144,2007,2007,2021/02/06,2021/02/01,,,read,,,,1,0
36336078,"Call Me By Your Name (Call Me By Your Name, #1)",André Aciman,"Aciman, André",,"=""""","=""""",5.0,Atlantic Books,Paperback,248,2017,2007,2021/02/05,2021/02/01,,,read,,,,1,0
402013,"Angus, Thongs and Full-Frontal Snogging (Confessions of Georgia Nicolson, #1)",Louise Rennison,"Rennison, Louise",,"=""0060288140""","=""9780060288143""",4.0,HarperTeen,Hardcover,247,2000,1999,2021/01/31,2020/07/17,,,read,,,,1,0
35575184,"Orphan Monster Spy (Orphan Monster Spy, #1)",Matt Killeen,"Killeen, Matt",,"=""0451478738""","=""9780451478733""",5.0,Viking Books for Young Readers,Hardcover,424,2018,2018,2021/01/30,2021/01/12,,,read,,,,1,0
1099595,"Runaways, Vol. 6: Parental Guidance",Brian K. Vaughan,"Vaughan, Brian K.",Adrian Alphona,"=""0785119523""","=""9780785119524""",4.0,Marvel Enterprises,Paperback,144,2006,2006,2021/01/29,2021/01/26,,,read,,,,1,0
55813080,"The Art of Death (DI Grace Archer, #1)",David  Fennell,"Fennell, David",,"=""1838773428""","=""9781838773427""",5.0,"Bonnier Books UK, Zaffre",Hardcover,432,2021,2021,2021/01/23,2021/01/20,,,read,,,,1,0
270547,"Runaways, Vol. 5: Escape to New York",Brian K. Vaughan,"Vaughan, Brian K.","Adrian Alphona, Takeshi Miyazawa","=""0785119019""","=""9780785119012""",4.0,Marvel Enterprises,Paperback,144,2006,2008,2021/01/19,2021/01/19,,,read,,,,1,0
49780757,Hood,Jenny Elder Moke,"Moke, Jenny Elder",,"=""1368047459""","=""9781368047456""",5.0,Disney-Hyperion,Hardcover,320,2020,2020,2021/01/18,2020/07/05,,,read,,,,1,0
34849190,Runaways,Christopher Golden,"Golden, Christopher",,"=""1484782011""","=""9781484782019""",5.0,Marvel Press,Paperback,352,2018,2018,2021/01/14,2020/07/05,,,read,,,,1,0
205001,"Runaways, Vol. 4: True Believers",Brian K. Vaughan,"Vaughan, Brian K.","Adrian Alphona, Craig Yeung","=""0785117059""","=""9780785117056""",4.0,Marvel Enterprises,Paperback,144,2006,2005,2021/01/13,2021/01/13,,,read,,,,1,0
168406,"Runaways, Vol. 3: The Good Die Young",Brian K. Vaughan,"Vaughan, Brian K.","Adrian Alphona, Jo Chen","=""0785116842""","=""9780785116844""",4.0,Marvel Enterprises,Paperback,144,2006,2006,2021/01/12,2021/01/12,,,read,,,,1,0
43612,"Runaways, Vol. 2: Teenage Wasteland",Brian K. Vaughan,"Vaughan, Brian K.",Adrian Alphona,"=""0785114157""","=""9780785114154""",4.0,Marvel Enterprises,Paperback,144,2006,2006,2021/01/11,2021/01/11,,,read,,,,1,0
11250317,The Song of Achilles,Madeline Miller,"Miller, Madeline",,"=""1408816032""","=""9781408816035""",5.0,Bloomsbury Publishing,Hardcover,352,2011,2011,2021/01/10,2020/07/30,,,read,,,,1,0
55258171,La torre di Nerone,Rick Riordan,"Riordan, Rick","Loredana Baldinucci, Laura Melodi","=""8804731796""","=""9788804731795""",5.0,Mondadori,Hardcover,395,2020,2020,2021/01/05,2021/01/01,,,read,,,,1,0
30724132,"Geekerella (Once Upon a Con, #1)",Ashley Poston,"Poston, Ashley",,"=""1594749477""","=""9781594749476""",5.0,Quirk Books,Hardcover,320,2017,2017,2020/12/28,2020/01/02,,,read,,,,1,0
55230624,Victoria Park,Gemma Reeves,"Reeves, Gemma",,"=""1911630768""","=""9781911630760""",4.0,Allen and Unwin UK,Hardcover,294,2021,2021,2020/12/26,2020/12/25,,,read,,,,1,0
33843251,The Afterlife of Holly Chase,Cynthia Hand,"Hand, Cynthia",,"=""0062318500""","=""9780062318503""",4.0,HarperTeen,Hardcover,400,2017,2017,2020/12/24,2019/12/29,,,read,,,,1,0
50158128,"Raybearer (Raybearer, #1)",Jordan Ifueko,"Ifueko, Jordan",,"=""1419739824""","=""9781419739828""",4.0,Amulet Books,Hardcover,343,2020,2020,2020/12/22,2020/11/14,,,read,,,,1,0
42771754,"Supernova (Renegades, #3)",Marissa Meyer,"Meyer, Marissa",,"=""1250078385""","=""9781250078384""",5.0,Feiwel & Friends,Hardcover,622,2019,2019,2020/12/19,2020/11/22,,,read,,,,1,0
35425827,"Archenemies (Renegades, #2)",Marissa Meyer,"Meyer, Marissa",,"=""1250311446""","=""9781250311443""",5.0,Feiwel & Friends,ebook,560,2018,2018,2020/12/12,2020/11/22,,,read,,,,1,0
28421168,"Renegades (Renegades, #1)",Marissa Meyer,"Meyer, Marissa",,"=""1250044669""","=""9781250044662""",5.0,Feiwel & Friends,Hardcover,552,2017,2017,2020/12/07,2020/11/22,,,read,,,,1,0
54440134,"Body Language (Cassie Raven, #1)",A.K.   Turner,"Turner, A.K.",Anya Lipska,"=""1838770046""","=""9781838770044""",4.0,Zaffre,Paperback,384,2020,2020,2020/12/01,2020/11/30,,,read,,,,1,0
11125,Digital Fortress,Dan    Brown,"Brown, Dan",,"=""""","=""""",4.0,Corgi books,Paperback,510,2004,1998,2020/11/28,2019/11/03,,,read,,,,1,0
34275232,"The Hazel Wood (The Hazel Wood, #1)",Melissa Albert,"Albert, Melissa",,"=""1250147905""","=""9781250147905""",4.0,Flatiron Books,Hardcover,359,2018,2018,2020/11/26,2019/09/20,,,read,,,,1,0
55494947,The Girls Are All So Nice Here,Laurie Elizabeth Flynn,"Flynn, Laurie Elizabeth",,"=""0008388857""","=""9780008388850""",5.0,HQ,Hardcover,310,2021,2021,2020/11/25,2020/11/22,,,read,"          I absolutely loved this book from the very beginning, with its intricate and suspenseful story and complicated characters.<br/>The story was very gripping and mysterious, with details slowly given to you until you have the full picture of what really happened while never letting the book go. The characters - Ambrosia, Sully, Flora, Ella (just to name a few) - are intricate and beautifully woven into the story and linked with each other wonderfully. I enjoyed the contrast with past and present Ambrosia, and how she tries to hide and forget that happened during her university years at Wesleyan in Dorm Doom, and her current life with her husband.<br/>'The Girls are all so nice here' leaves you hanging and expecting a sequel (hopefully) of this gripping story.<br/>The writer wrote this story in such a wonderful way, and it feels like you are there with the characters or you are watching something.<br/>I really enjoyed this book. Can't wait for more!<br/>        ",true,,1,1
35510008,This is Going to Hurt: Secret Diaries of a Junior Doctor,Adam Kay,"Kay, Adam",,"=""""","=""""",5.0,Picador,ebook,285,2017,2017,2019/07/20,2019/07/19,,,read,,,,1,1
36236124,Fight Club,Chuck Palahniuk,"Palahniuk, Chuck",,"=""0393355942""","=""9780393355949""",5.0,W. W. Norton & Company,Paperback,224,2018,1996,2020/11/21,2020/06/28,,,read,,,,1,0
54605373,Don't Fear the Reaper: A Neoverse Short Story,Lucas Flint,"Flint, Lucas",,"=""""","=""""",3.0,Secret Identity Books,Kindle Edition,16,2020,,2020/11/19,2020/11/19,,,read,,,,1,1
23292734,I giardini di Asgard,Giada Bafanelli,"Bafanelli, Giada",,"=""""","=""""",3.0,,Kindle Edition,28,2014,2014,2020/11/17,2020/11/16,,,read,,,,1,1
2493,The Time Machine,H.G. Wells,"Wells, H.G.","Greg Bear, Carlo Pagetti","=""""","=""""",4.0,Signet Classics,Paperback,118,2002,1895,2020/11/16,2020/04/08,,,read,,,,1,1
41015144,Cattive sorelle (Italian Edition),Jane Corry,"Corry, Jane",,"=""8858521269""","=""9788858521267""",3.0,Piemme,Kindle Edition,54,2018,,2020/11/15,2020/11/15,,,read,,,,1,1
43565542,La moglie perfetta (Jessie Hunt #1),Blake Pierce,"Pierce, Blake",,"=""""","=""""",4.0,,Kindle Edition,216,2019,2018,2020/11/15,2020/11/14,,,read,,,,1,1
40138871,Laurie,Stephen  King,"King, Stephen",,"=""""","=""""",4.0,Stephen King,ebook,32,2018,2018,2020/11/14,2020/11/14,,,read,,,,1,1
388698,Troy,Adèle Geras,"Geras, Adèle",,"=""0152045708""","=""9780152045708""",4.0,Harcourt,Paperback,358,2002,2000,2020/11/12,2020/11/10,,,read,,,,1,0
52230996,Murder and Malpractice (Dr. Cathy Moreland Mystery #2),Mairi Chong,"Chong, Mairi",,"=""191346301X""","=""9781913463014""",4.0,Amazon Digital Services,Kindle Edition,269,2020,,2020/11/08,2020/11/07,,,read,,,,1,1
17285330,The Last Time We Say Goodbye,Cynthia Hand,"Hand, Cynthia",,"=""0062318470""","=""9780062318473""",4.0,Harper Teen,Hardcover,386,2015,2015,2020/11/07,2020/11/07,,,read,,,,1,0
13531540,Paradox: The Nine Greatest Enigmas in Physics,Jim Al-Khalili,"Al-Khalili, Jim",,"=""0307986799""","=""9780307986795""",4.0,Crown,Paperback,256,2012,2012,2020/11/06,2020/04/01,,,read,,,,1,0
50358479,Unbirthday,Liz Braswell,"Braswell, Liz",,"=""1484781317""","=""9781484781319""",5.0,Random House/Disney,Hardcover,512,2020,2020,2020/11/05,2020/05/05,,,read,,,,1,1
31300777,"Il potere delle abitudini: Come si formano, quanto ci condizionano, come cambiarle",Charles Duhigg,"Duhigg, Charles",Marco Sartori,"=""8850236905""","=""9788850236909""",4.0,TEA,Paperback,432,2014,2012,2020/10/30,2020/10/26,,,read,,,,1,0
30317423,Ronit & Jamil,Pamela Laskin,"Laskin, Pamela",,"=""0062458558""","=""9780062458551""",3.0,Katherine Tegen Books,Kindle Edition,177,2017,2017,2020/10/30,2020/10/30,,,read,,,,1,0
51518972,"Majesty (American Royals, #2)",Katharine McGee,"McGee, Katharine",Laureline Chaplain,"=""198483021X""","=""9781984830210""",4.0,Random House Books for Young Readers,Hardcover,374,2020,2020,2020/10/25,2020/02/02,,,read,,,,1,0
10294187,Periodic Tales: The Curious Lives of the Elements,Hugh Aldersey-Williams,"Aldersey-Williams, Hugh",,"=""0670918113""","=""9780670918119""",4.0,Viking,Hardcover,428,2011,2011,2020/10/23,2020/05/11,,,read,,,,1,0
53214227,"Dirty Boxing (Blood and Glory, #1)",Harper St. George,"George, Harper St.",,"=""""","=""""",2.0,,Kindle Edition,305,2020,2017,2020/06/21,2020/06/20,,,read,,,,1,0
43261389,"Season of the Witch (The Chilling Adventures of Sabrina, #1)",Sarah Rees Brennan,"Brennan, Sarah Rees",,"=""133832604X""","=""9781338326048""",3.0,Scholastic Inc.,Paperback,176,2019,2019,2020/01/27,2020/01/26,,,read,,,,1,0
40772063,"The Lost Sisters (The Folk of the Air, #1.5)",Holly Black,"Black, Holly",,"=""""","=""9780316310444""",3.0,NOVL,Kindle Edition,50,2018,2018,2020/10/18,2020/04/22,,,read,,,,1,0
55536153,Snowflake's Guide to Christmas: How to survive a deeply problematic holiday,Dave Skinner,"Skinner, Dave",,"=""""","=""""",4.0,,Unknown Binding,,2020,,2020/10/15,2020/10/11,,,read,,,,1,0
40083585,All The Things We Never Said,Yasmin Rahman,"Rahman, Yasmin",,"=""1471408299""","=""9781471408298""",5.0,Hot Key Books,Paperback,448,2019,2019,2020/10/13,2019/12/13,,,read,,,,1,0
30841109,Victoria,Daisy Goodwin,"Goodwin, Daisy",,"=""1250045460""","=""9781250045461""",4.0,St. Martin's Press,Hardcover,416,2016,2016,2020/10/12,2020/10/12,,,read,,,,1,0
6997364,Girl with the Pearl Earring,Tracy Chevalier,"Chevalier, Tracy",,"=""0786540168""","=""9780786540167""",4.0,Plume Books,ebook,240,2004,1999,2020/10/12,2020/10/11,,,read,,,,1,0
50271319,Poisoned,Jennifer Donnelly,"Donnelly, Jennifer",,"=""133826849X""","=""9781338268492""",5.0,Scholastic Press,Hardcover,320,2020,2020,2020/10/05,2020/10/03,,,read," I absolutely loved this retelling of Snow White!<br/>I adored how Jennifer Donnelly stuck to the quite gruesome Grimms' brothers fairy tale and made it about a strong, compassionate, fearless and kind woman, who fights for her throne back and is not awakened by Prince Charming passing by.<br/>I am thrilled by the ending, which left me wondering whether or not there are going to be more books based on fairy tales retellings, and I shall expect so. <br/>Jennifer Donnelly wonderfully captivating and fast-paced writing brings you directly into the story and plays it out in front of you like a scene from a film or a play in the theatre. Sometimes, it really feels like a story from a history textbook that we learn at some point in life.<br/>Snow White has always been one of my least favourite princesses, however, 'Poisoned' by Jennifer Donnelly made me like her much more.",true,,1,1
42270835,The Nickel Boys,Colson Whitehead,"Whitehead, Colson",,"=""""","=""""",4.0,Doubleday,ebook,213,2019,2019,2020/10/09,2020/10/09,,,read,,,,1,0
48570522,Again Again,E. Lockhart,"Lockhart, E.",,"=""038574479X""","=""9780385744799""",4.0,Delacorte Press,Hardcover,289,2020,2020,2020/10/09,2020/10/08,,,read,,,,1,0
39122774,"Children of Virtue and Vengeance (Legacy of Orïsha, #2)",Tomi Adeyemi,"Adeyemi, Tomi",,"=""1250170990""","=""9781250170996""",4.0,Henry Holt and Co. (BYR),Hardcover,404,2019,2019,2020/10/09,2020/05/05,,,read,,,,1,0
34728667,"Children of Blood and Bone (Legacy of Orïsha, #1)",Tomi Adeyemi,"Adeyemi, Tomi",,"=""1250170974""","=""9781250170972""",4.0,Henry Holt Company,Hardcover,544,2018,2018,2020/10/08,2020/03/05,,,read,,,,1,0
38739562,With the Fire on High,Elizabeth Acevedo,"Acevedo, Elizabeth",,"=""0062662856""","=""9780062662859""",5.0,Quill Tree Books,ebook,395,2019,2019,2020/10/04,2020/07/08,,,read,,,,1,0
40522133,"We Unleash the Merciless Storm (We Set the Dark on Fire, #2)",Tehlor Kay Mejia,"Mejia, Tehlor Kay",,"=""0062691341""","=""9780062691347""",4.0,Katherine Tegen Books,Hardcover,400,2020,2020,2020/10/02,2020/10/01,,,read,,,,1,0
25663637,When We Collided,Emery Lord,"Lord, Emery",,"=""1619638452""","=""9781619638457""",4.0,Bloomsbury USA Childrens,Hardcover,352,2016,2016,2020/10/01,2019/11/17,,,read,,,,1,0
22535533,"Moriarty (Horowitz's Holmes, #2)",Anthony Horowitz,"Horowitz, Anthony",,"=""0062377183""","=""9780062377180""",3.0,Harper,Hardcover,285,2014,2014,2020/09/30,2020/09/28,,,read,,,,1,0
36578967,The Weight of a Thousand Feathers,Brian Conaghan,"Conaghan, Brian",,"=""140887153X""","=""9781408871539""",4.0,Bloomsbury Children's Books,Hardcover,320,2018,2018,2020/09/28,2020/09/27,,,read,,,,1,0
43453699,The End and Other Beginnings: Stories from the Future,Veronica Roth,"Roth, Veronica",,"=""0062796526""","=""9780062796523""",4.0,HarperCollins,Hardcover,262,2019,2019,2020/09/26,2020/09/26,,,read,,,,1,0
44004352,The Places I've Cried in Public,Holly Bourne,"Bourne, Holly",,"=""""","=""""",3.0,Usborne Publishing,Kindle Edition,368,2019,2019,2020/09/26,2019/12/19,,,read,,,,1,0
33294200,The Poet X,Elizabeth Acevedo,"Acevedo, Elizabeth",,"=""""","=""""",5.0,HarperTeen ,Kindle Edition,368,2018,2018,2020/09/24,2020/09/23,,,read,,,,1,0
35959740,Circe,Madeline Miller,"Miller, Madeline",,"=""0316556343""","=""9780316556347""",5.0,"Little, Brown and Company",Hardcover,393,2018,2018,2020/09/23,2020/04/14,,,read,,,,1,0
82751,Chinese Cinderella: The True Story of an Unwanted Daughter,Adeline Yen Mah,"Mah, Adeline Yen",,"=""0440228654""","=""9780440228653""",4.0,Laurel Leaf (Random House Children's Books ),Mass Market Paperback,205,2009,1999,2020/09/21,2020/09/20,,,read,,,,1,0
48810915,How It All Blew Up,Arvin Ahmadi,"Ahmadi, Arvin",,"=""""","=""""",4.0,Viking Books for Young Readers,Hardcover,288,2020,2020,2020/09/20,2020/08/30,,,read,,,,1,1
23228,Boy Meets Boy,David Levithan,"Levithan, David",,"=""0375832998""","=""9780375832994""",3.0,Alfred A. Knopf,Paperback,185,2005,2003,2020/09/18,2020/09/17,,,read,,,,1,0
42505366,Wilder Girls,Rory Power,"Power, Rory",,"=""0525645586""","=""9780525645580""",4.0,Delacorte Press,Hardcover,357,2019,2019,2020/09/17,2020/02/04,,,read,,,,1,0
22552026,Long Way Down,Jason Reynolds,"Reynolds, Jason",,"=""1481438255""","=""9781481438254""",5.0,Atheneum/Caitlyn Dlouhy Books,Hardcover,306,2017,2017,2020/09/14,2020/09/13,,,read,,,,1,0
52516332,Clap When You Land,Elizabeth Acevedo,"Acevedo, Elizabeth",,"=""0062882767""","=""9780062882769""",5.0,HarperTeen ,Hardcover,432,2020,2020,2020/09/13,2020/05/05,,,read,,,,1,0
34299826,Countless,Karen Gregory,"Gregory, Karen",,"=""1408882507""","=""9781408882504""",4.0,Bloomsbury Publishing Plc,Paperback,384,2017,2017,2020/09/11,2020/03/31,,,read,,,,1,0
37825410,That's Not What Happened,Kody Keplinger,"Keplinger, Kody",,"=""1338186523""","=""9781338186529""",5.0,Scholastic Press,Hardcover,336,2018,2018,2020/09/06,2020/06/16,,,read,,,,1,0
19546111,Crooked Heart,Lissa Evans,"Evans, Lissa",,"=""0385614330""","=""9780385614337""",4.0,Doubleday,Hardcover,284,2014,2014,2020/09/04,2020/09/03,,,read,,,,1,0
50265804,Loki: Where Mischief Lies,Mackenzi Lee,"Lee, Mackenzi",,"=""1789056217""","=""9781789056211""",5.0,Igloo Books,Paperback,416,2019,2019,2020/09/03,2020/09/01,,,read,,,,1,1
51841498,City of Spies (City of Spies #1),Mara Timon,"Timon, Mara",,"=""""","=""""",4.0,Zaffre,ebook,,2020,2020,2020/08/31,2020/08/16,,,read,,,,1,1
49877668,In the Heart of the Fire (Nameless #1),Dean Koontz,"Koontz, Dean",,"=""""","=""""",4.0,Amazon Original Stories,Kindle Edition,62,2019,2019,2020/08/27,2020/04/14,,,read,,,,1,0
29468046,"Red Vengeance (Black Widow, #2)",Margaret Stohl,"Stohl, Margaret",,"=""1484773470""","=""9781484773475""",5.0,Marvel Press,Hardcover,416,2016,2016,2020/08/27,2020/07/05,,,read,,,,1,1
28451014,Black Widow Forever Red (A Black Widow Novel),Margaret Stohl,"Stohl, Margaret",,"=""1484776453""","=""9781484776452""",5.0,Marvel Press,Paperback,432,2016,2015,2020/08/23,2020/08/22,,,read,,,,1,1
52849109,"Shuri (Shuri: A Black Panther Novel, #1)",Nic Stone,"Stone, Nic",,"=""1338585479""","=""9781338585476""",5.0,Scholastic Inc.,Hardcover,272,2020,2020,2020/08/19,2020/07/05,,,read,,,,1,1
7826101,"The Healer's Apprentice (Hagenheim, #1)",Melanie Dickerson,"Dickerson, Melanie",,"=""0310721431""","=""9780310721437""",3.0,Zonderkidz,Paperback,272,2010,2010,2020/08/18,2020/08/17,,,read,,,,1,0
24612624,Melissa (previously published as GEORGE),Alex  Gino,"Gino, Alex",,"=""0545812542""","=""9780545812542""",4.0,Scholastic Press,Hardcover,208,2015,2015,2020/08/16,2020/06/07,,,read,,,,1,0
18162954,Galatea,Madeline Miller,"Miller, Madeline",,"=""1408848147""","=""""",4.0,Bloomsbury Paperbacks,Kindle Edition,27,2013,2013,2020/08/15,2020/07/30,,,read,,,,1,0
41107836,Heracles' Bow,Madeline Miller,"Miller, Madeline",,"=""""","=""""",4.0,,,10,2012,2012,2020/08/15,2020/07/30,,,read,,,,1,0
48717621,"Evil Thing (Villains, #7)",Serena Valentino,"Valentino, Serena",,"=""1368009034""","=""9781368009034""",5.0,Random House/Disney,Hardcover,352,2020,2020,2020/08/15,2020/05/05,,,read,,,,1,1
5266667,A Kiss in Time,Alex Flinn,"Flinn, Alex",,"=""0060874198""","=""9780060874193""",4.0,HarperTeen,Hardcover,384,2009,2008,2020/08/14,2020/08/12,,,read,,,,1,0
26032912,"The Queen of Nothing (The Folk of the Air, #3)",Holly Black,"Black, Holly",,"=""0316310409""","=""9780316310406""",4.0,"Little, Brown",ebook,321,2019,2019,2020/08/12,2019/11/19,,,read,,,,1,0
18007564,The Martian,Andy Weir,"Weir, Andy",,"=""0804139024""","=""9780804139021""",5.0,Crown Publishers,Hardcover,369,2014,2011,2020/08/11,2020/08/08,,,read,,,,1,0
26852117,Diary of an AssCan (The Martian #0.5),Andy Weir,"Weir, Andy",,"=""""","=""""",5.0,blog.whsmith.co.uk,ebook,4,2015,2015,2020/08/08,2020/08/08,,,read,,,,1,0
37868569,We Set the Dark on Fire (We Set the Dark on Fire #1),Tehlor Kay Mejia,"Mejia, Tehlor Kay",,"=""0062691333""","=""9780062691330""",4.0,Katherine Tegen Books,Kindle Edition,400,2019,2019,2020/08/07,2020/08/06,,,read,,,,1,0
25689074,"Stars Above (The Lunar Chronicles, #4.5)",Marissa Meyer,"Meyer, Marissa",,"=""1250091845""","=""9781250091840""",5.0,Feiwel & Friends,Hardcover,400,2016,2016,2020/07/30,2020/04/21,,,read,,,,2,0
53451162,COVID-128 (The Lunar Chronicles Alternative Universe),Marissa Meyer,"Meyer, Marissa",,"=""""","=""""",5.0,Fierce Reads,ebook,17,2020,2020,2020/08/06,2020/07/24,,,read,,,,1,0
13206900,"Winter (The Lunar Chronicles, #4)",Marissa Meyer,"Meyer, Marissa",,"=""0312642989""","=""9780312642983""",5.0,Feiwel & Friends,Hardcover,827,2015,2015,2020/08/05,2020/04/21,,,read,,,,1,0
36979356,And the Ocean Was Our Sky,Patrick Ness,"Ness, Patrick",Rovina Cai,"=""""","=""""",3.0,Walker Books,Hardcover,160,2018,2018,2020/08/05,2020/07/15,,,read,,,,1,0
213753,"Life As We Knew It (Last Survivors, #1)",Susan Beth Pfeffer,"Pfeffer, Susan Beth",,"=""""","=""""",3.0,HMH Books for Young Readers,Paperback,337,2006,2006,2020/08/04,2020/08/02,,,read,,,,1,0
43615530,Yes No Maybe So,Becky Albertalli,"Albertalli, Becky",Aisha Saeed,"=""0062937057""","=""9780062937056""",4.0,Balzer + Bray,ebook,464,2020,2020,2020/08/01,2019/12/19,,,read,,,,1,0
22489107,"Fairest (The Lunar Chronicles, #3.5)",Marissa Meyer,"Meyer, Marissa",,"=""1250060559""","=""9781250060556""",5.0,Feiwel & Friends,Hardcover,272,2015,2015,2020/07/31,2020/04/21,,,read,,,,1,0
13206828,"Cress (The Lunar Chronicles, #3)",Marissa Meyer,"Meyer, Marissa",,"=""0312642970""","=""9780312642976""",5.0,Feiwel & Friends,Hardcover,552,2014,2014,2020/07/30,2019/11/09,,,read,,,,1,0
13206760,"Scarlet (The Lunar Chronicles, #2)",Marissa Meyer,"Meyer, Marissa",,"=""0312642962""","=""9780312642969""",5.0,Feiwel & Friends,Hardcover,454,2013,2013,2020/07/29,2019/11/09,,,read,,,,1,0
28186273,Our Chemical Hearts,Krystal Sutherland,"Sutherland, Krystal",,"=""0399546561""","=""9780399546563""",4.0,G.P. Putnam's Sons Books for Young Readers,Hardcover,320,2016,2016,2019/10/02,2019/09/26,,,read,,,,1,0
45144784,When You Were Everything,Ashley Woodfolk,"Woodfolk, Ashley",,"=""1524715913""","=""9781524715915""",4.0,Delacorte Press,Hardcover,400,2020,2020,2020/07/28,2020/07/28,,,read,,,,1,0
39088507,Dear Evan Hansen,Val Emmich,"Emmich, Val","Steven Levenson, Benj Pasek, Justin Paul","=""0316420239""","=""9780316420235""",4.0,Poppy,Hardcover,368,2018,2018,2020/07/27,2020/07/27,,,read,,,,1,0
16075962,"The Queen's Army (The Lunar Chronicles, #1.5)",Marissa Meyer,"Meyer, Marissa",,"=""""","=""""",4.0,Wattpad,ebook,23,2012,2012,2020/07/26,2020/04/21,,,read,,,,1,0
13254289,"Glitches (The Lunar Chronicles, #0.5)",Marissa Meyer,"Meyer, Marissa",,"=""""","=""""",4.0,Tor.com,ebook,32,2011,2011,2020/07/26,2020/04/21,,,read,,,,1,0
36381037,"Cinder (The Lunar Chronicles, #1)",Marissa Meyer,"Meyer, Marissa",,"=""""","=""""",5.0,Feiwel & Friends,Hardcover,400,2012,2012,2020/07/26,2019/07/11,,,read,,,,1,0
19208103,"The Little Android (The Lunar Chronicles, #0.6)",Marissa Meyer,"Meyer, Marissa",,"=""""","=""""",4.0,Wattpad,ebook,35,2014,2014,2020/07/26,2020/04/21,,,read,,,,1,0
93275,The Story of King Arthur and His Knights,Howard Pyle,"Pyle, Howard",John F. Plummer,"=""0451530241""","=""9780451530240""",5.0,Signet,Mass Market Paperback,416,2006,1903,2020/07/25,2020/07/24,,,read,,,,1,1
31180248,"Leah on the Offbeat (Simonverse, #3)",Becky Albertalli,"Albertalli, Becky",,"=""0062643800""","=""9780062643803""",4.0,HarperCollins/Balzer + Bray,Hardcover,352,2018,2018,2020/07/24,2020/04/21,,,read,,,,1,0
36320240,"The Complication (The Program, #6)",Suzanne Young,"Young, Suzanne",,"=""""","=""""",5.0,Simon & Schuster Books for Young Readers,Kindle Edition,464,2018,2018,2020/07/23,2020/07/12,,,read,,,,1,0
40723760,The Million Pieces of Neena Gill,Emma Smith-Barton,"Smith-Barton, Emma",,"=""0241363314""","=""9780241363317""",4.0,PENGUIN,Paperback,336,2019,2019,2020/07/23,2020/07/23,,,read,,,,1,0
39777674,"The Reaction (The Program, #5.5)",Suzanne Young,"Young, Suzanne",,"=""1370269366""","=""9781370269365""",5.0,Smashwords,ebook,8,2018,2018,2020/07/22,2020/07/12,,,read,,,,1,0
36353125,"The Adjustment (The Program, #5)",Suzanne Young,"Young, Suzanne",,"=""""","=""""",5.0,,Kindle Edition,417,2017,2017,2020/07/22,2020/07/12,,,read,,,,1,0
36353107,"The Epidemic (The Program, #4)",Suzanne Young,"Young, Suzanne",,"=""""","=""""",5.0,,Kindle Edition,385,,2016,2020/07/21,2020/07/12,,,read,,,,1,0
45483029,The Possession,Michael Rutger,"Rutger, Michael",,"=""1785767674""","=""9781785767678""",3.0,Zaffre,Hardcover,400,2019,2019,2020/07/19,2020/07/18,,,read,,,,1,1
36353073,"The Remedy (The Program, #3)",Suzanne Young,"Young, Suzanne",,"=""""","=""""",5.0,,Kindle Edition,417,,2014,2020/07/18,2020/07/12,,,read,,,,1,0
23666204,"The Recovery (The Program, #2.5)",Suzanne Young,"Young, Suzanne",,"=""144238882X""","=""9781442388826""",5.0,Simon Pulse,Kindle Edition,50,2015,2015,2020/07/16,2020/07/12,,,read,,,,1,0
41216383,Toffee,Sarah Crossan,"Crossan, Sarah",,"=""1408868121""","=""9781408868126""",3.0,Bloomsbury YA,Hardcover,416,2019,2019,2020/07/16,2020/01/17,,,read,,,,1,0
36353058,"The Treatment (The Program, #2)",Suzanne Young,"Young, Suzanne",,"=""""","=""""",5.0,Simon Pulse,Kindle Edition,353,2014,2014,,2020/07/10,,,read,,,,2,0
11366397,"The Program (The Program, #1)",Suzanne Young,"Young, Suzanne",,"=""1442445807""","=""9781442445802""",5.0,Simon Pulse,Hardcover,405,2013,2013,2020/07/12,2020/05/22,,,read,,,,1,0
35887567,On the Come Up,Angie Thomas,"Thomas, Angie",,"=""""","=""""",5.0,Balzer + Bray,Hardcover,464,2019,2019,2020/07/09,2019/07/29,,,read,,,,1,0
18135,Romeo and Juliet,William Shakespeare,"Shakespeare, William",,"=""0743477111""","=""9780743477116""",4.0,Washington Square Press,Mass Market Paperback,281,2002,1590,2020/07/08,2020/07/08,,,read,,,,1,0
480204,The Phantom of the Opera,Gaston Leroux,"Leroux, Gaston",,"=""0060809248""","=""9780060809249""",5.0,Harper Perennial,Mass Market Paperback,360,1987,1910,2020/07/06,2020/06/28,,,read,,,,1,0
7389,"Runaways, Vol. 1: Pride & Joy",Brian K. Vaughan,"Vaughan, Brian K.",Adrian Alphona,"=""0785113797""","=""9780785113799""",4.0,Marvel Enterprises,Paperback,144,2006,2006,2020/07/04,2020/07/04,,,read,,,,1,0
976,Deception Point,Dan    Brown,"Brown, Dan",,"=""0671027387""","=""9780671027384""",4.0,Pocket Books,Paperback,556,2002,2001,2020/07/04,2019/11/03,,,read,,,,1,0
26200563,Hamilton: The Revolution,Lin-Manuel Miranda,"Miranda, Lin-Manuel",Jeremy McCarter,"=""1455539740""","=""9781455539741""",4.0,Grand Central Publishing,Hardcover,285,2016,2015,2020/06/30,2020/06/16,,,read,,,,1,0
31551607,"Just One Touch (Slow Burn, #5)",Maya Banks,"Banks, Maya",,"=""0062410199""","=""9780062410191""",3.0,Avon,Kindle Edition,324,2017,2017,2020/06/29,2020/06/29,,,read,,,,1,0
37880094,"The Lady's Guide to Petticoats and Piracy (Montague Siblings, #2)",Mackenzi Lee,"Lee, Mackenzi",,"=""0062795325""","=""9780062795328""",5.0,HarperCollins,Hardcover,450,2018,2018,2020/06/28,2019/12/28,,,read,,,,1,0
40742905,"The Gentleman’s Guide to Getting Lucky (Montague Siblings, #1.5)",Mackenzi Lee,"Lee, Mackenzi",,"=""""","=""""",5.0,,ebook,128,2019,2019,2020/06/25,2020/04/27,,,read,,,,1,0
29283884,"The Gentleman's Guide to Vice and Virtue (Montague Siblings, #1)",Mackenzi Lee,"Lee, Mackenzi",,"=""0062382802""","=""9780062382801""",5.0,Katherine Tegen Books,Hardcover,501,2017,2017,2020/06/25,2020/02/18,,,read,,,,1,0
49492429,"The Next Best Thing: Love Online, Episode 1",Jos Pierce,"Pierce, Jos",,"=""""","=""""",4.0,Barry Good Books,Kindle Edition,51,2019,,2020/06/20,2020/06/20,,,read,,,,1,1
24104317,Il Traghettatore di Anime (11 piccole ombre) (Italian Edition),Claudio Paganini,"Paganini, Claudio",,"=""8865782552""","=""9788865782552""",3.0,0111 Edizioni,Kindle Edition,8,2013,2013,2020/06/20,2020/06/20,,,read,,,,1,1
39072980,La dama del lago,Erika  Walker,"Walker, Erika",,"=""1476201250""","=""9781476201252""",3.0,,ebook,10,2012,,2020/06/20,2020/06/20,,,read,,,,1,1
5966254,"Pretty When She Dies (Pretty When She Dies, #1)",Rhiannon Frater,"Frater, Rhiannon",,"=""1440429634""","=""9781440429637""",3.0,Createspace Independent Pub,Paperback,225,2008,2008,2020/06/20,2020/06/19,,,read,,,,1,1
24529123,This Is Where It Ends,Marieke Nijkamp,"Nijkamp, Marieke",,"=""149262246X""","=""9781492622468""",4.0,Sourcebooks Fire,Hardcover,288,2016,2016,2020/06/18,2020/01/11,,,read,,,,1,0
49527885,Il giorno della civetta,Leonardo Sciascia,"Sciascia, Leonardo",,"=""""","=""""",5.0,Adelphi,Paperback,137,2002,1961,2020/06/16,2020/06/15,,,read,,,,1,1
23164983,"Hollow City (Miss Peregrine's Peculiar Children, #2)",Ransom Riggs,"Riggs, Ransom",,"=""1594747350""","=""9781594747359""",4.0,Quirk Books,Paperback,412,2015,2014,2020/06/14,2020/05/10,,,read,,,,1,0
35297426,Then She Was Gone,Lisa Jewell,"Jewell, Lisa",,"=""1501154648""","=""9781501154645""",5.0,Atria Books,Paperback,356,2018,2017,2020/06/12,2020/06/10,,,read,,,,1,0
33957722,"Forever (Friends, #3)",Monica  Murphy,"Murphy, Monica",,"=""1945522062""","=""9781945522062""",4.0,EM Publishing,Kindle Edition,255,2017,2017,2020/06/09,2020/06/05,,,read,,,,1,0
32027656,"More Than Friends (Friends, #2)",Monica  Murphy,"Murphy, Monica",,"=""1682308790""","=""9781682308790""",4.0,EverAfter Romance,Paperback,320,2016,2016,2020/06/08,2020/06/05,,,read,,,,1,0
31216203,"Just Friends (Friends, #1)",Monica  Murphy,"Murphy, Monica",,"=""1945522011""","=""9781945522017""",4.0,EM Publishing,ebook,315,2016,2016,2020/06/07,2020/06/05,,,read,,,,1,0
32195895,"One Night (Friends, #0.5)",Monica  Murphy,"Murphy, Monica",,"=""1945522038""","=""9781945522031""",4.0,EM Publishing,Kindle Edition,152,2016,2016,2020/06/06,2020/06/05,,,read,,,,1,1
18668000,"American Blonde (Velva Jean, #4)",Jennifer Niven,"Niven, Jennifer",,"=""0452298210""","=""9780452298217""",4.0,Penguin Publishing Group,Paperback,384,2014,2014,2020/06/05,2020/03/24,,,read,,,,1,0
48711935,Hunger Games. Ballata dell'usignolo e del serpente,Suzanne Collins,"Collins, Suzanne",Simona Brogli,"=""8804722665""","=""9788804722663""",5.0,Mondadori,Hardcover,476,2020,2020,2020/06/02,2020/05/31,,,read,,,,1,1
26699209,Male Dire,Noemi Gastaldi,"Gastaldi, Noemi",,"=""131014978X""","=""9781310149788""",4.0,Smashwords Edition,ebook,,2015,2015,2020/05/31,2020/04/06,,,read,,,,1,1
49822701,So This Is Love,Elizabeth Lim,"Lim, Elizabeth",,"=""1789053730""","=""9781789053739""",5.0,Autumn,Paperback,411,2020,2020,2020/05/30,2020/05/29,,,read,,,,1,1
27860794,Lying About Last Summer,Sue Wallman,"Wallman, Sue",,"=""""","=""""",4.0,Scholastic UK ,Paperback,272,2016,2016,2020/05/29,2020/02/18,,,read,,,,1,0
36099978,"Season of Storms (The Witcher, #0.2)",Andrzej Sapkowski,"Sapkowski, Andrzej",David   French,"=""""","=""9780316441636""",5.0,Orbit,Hardcover,419,2018,2013,2020/05/27,2020/05/23,,,read,,,,1,0
31933977,"Lady of the Lake (The Witcher, #5)",Andrzej Sapkowski,"Sapkowski, Andrzej",David   French,"=""""","=""""",5.0,Orbit,Paperback,531,2017,1999,2020/05/25,2020/05/22,,,read,,,,1,0
15808302,Zeus Grants Stupid Wishes: A No-Bullshit Guide to World Mythology,Cory O'Brien,"O'Brien, Cory",Sarah E. Melville,"=""039916040X""","=""9780399160400""",5.0,Tarcher,Paperback,304,2013,2013,2020/05/24,2019/12/26,,,read,,,,1,0
34828719,Adultolescence,Gabbie Hanna,"Hanna, Gabbie",,"=""""","=""""",4.0,Atria/Keywords Press,Kindle Edition,281,2017,2017,2020/05/05,2020/05/05,,,read,,,,1,0
18247597,"The Tower of the Swallow (The Witcher, #4)",Andrzej Sapkowski,"Sapkowski, Andrzej",David   French,"=""1473211565""","=""9781473211568""",5.0,Gollancz,Paperback,448,2016,1997,2020/05/21,2020/05/17,,,read,,,,1,0
18656031,"Baptism of Fire (The Witcher, #3)",Andrzej Sapkowski,"Sapkowski, Andrzej",David   French,"=""0316219185""","=""9780316219181""",5.0,Orbit,Paperback,400,2014,1996,2020/05/16,2020/05/15,,,read,,,,1,0
35617489,It,Stephen  King,"King, Stephen",Tullio Dobner,"=""8820062909""","=""9788820062903""",4.0,Sperling & Kupfner,Hardcover,1206,2017,1986,2020/05/01,2020/04/25,,,read,,,,1,0
14781491,"The Time of Contempt (The Witcher, #2)",Andrzej Sapkowski,"Sapkowski, Andrzej",David   French,"=""0316219134""","=""9780316219136""",5.0,Orbit,Paperback,352,2013,1995,2020/05/14,2020/05/11,,,read,,,,1,0
9460487,"Miss Peregrine's Home for Peculiar Children (Miss Peregrine's Peculiar Children, #1)",Ransom Riggs,"Riggs, Ransom",,"=""1594744769""","=""9781594744761""",4.0,Quirk,Hardcover,352,2011,2011,2020/05/10,2019/07/11,,,read,,,,1,0
6043781,"Blood of Elves (The Witcher, #1)",Andrzej Sapkowski,"Sapkowski, Andrzej",Danusia Stok,"=""""","=""""",5.0,Hachette Book Group,Mass Market Paperback,398,2009,1994,2020/05/09,2020/05/07,,,read,,,,1,0
33574273,"A Wrinkle in Time (Time Quintet, #1)",Madeleine L'Engle,"L'Engle, Madeleine",,"=""1250153271""","=""9781250153272""",4.0,Square Fish,Paperback,218,2017,1962,2020/05/06,2019/11/09,,,read,,,,1,0
25454056,"Sword of Destiny (The Witcher, #0.7)",Andrzej Sapkowski,"Sapkowski, Andrzej",David   French,"=""""","=""""",5.0,Orbit,Kindle Edition,405,2015,1992,2020/05/05,2020/05/02,,,read,,,,1,0
26123021,"Girl Code: Unlocking the Secrets to Success, Sanity, and Happiness for the Female Entrepreneur",Cara Alwill Leyba,"Leyba, Cara Alwill",,"=""0692492607""","=""9780692492604""",4.0,Lightning Source Inc,Paperback,143,2015,2015,2020/05/03,2020/05/03,,,read,,,,1,0
36297088,"The Mermaid's Voice Returns in This One (Women Are Some Kind of Magic, #3)",Amanda Lovelace,"Lovelace, Amanda",,"=""1524852317""","=""9781524852313""",4.0,,ebook,210,2019,2019,2020/05/03,2020/05/03,,,read,,,,1,0
30075802,"The Princess Saves Herself in This One (Women Are Some Kind of Magic, #1)",Amanda Lovelace,"Lovelace, Amanda",,"=""1532913680""","=""9781532913686""",4.0,CreateSpace,Paperback,156,2016,2016,2020/05/03,2020/05/03,,,read,,,,1,0
35924698,"The Witch Doesn't Burn in This One (Women Are Some Kind of Magic, #2)",Amanda Lovelace,"Lovelace, Amanda",ladybookmad,"=""1449489427""","=""9781449489427""",4.0,Andrews McMeel Publishing,Paperback,192,2018,2018,2020/05/03,2020/05/03,,,read,,,,1,0
50673911,"The Last Wish (The Witcher, #0.5)",Andrzej Sapkowski,"Sapkowski, Andrzej",Danusia Stok,"=""0575082445""","=""9780575082441""",5.0,Gollancz,Paperback,280,2012,1993,2020/05/02,2020/05/01,,,read,,,,1,0
38355061,People Kill People,Ellen Hopkins,"Hopkins, Ellen",,"=""1481442937""","=""9781481442930""",4.0,Margaret K. McElderry Books,Hardcover,431,2018,2018,2020/05/01,2020/01/18,,,read,,,,1,0
31434883,Eleanor Oliphant Is Completely Fine,Gail Honeyman,"Honeyman, Gail",,"=""0735220689""","=""9780735220683""",5.0,Pamela Dorman Books / Viking,Hardcover,336,2017,2017,2020/04/25,2020/04/24,,,read,,,,1,0
34466963,Why We Sleep: Unlocking the Power of Sleep and Dreams,Matthew Walker,"Walker, Matthew",,"=""""","=""""",5.0,Scribner,Hardcover,368,2017,2017,2020/04/23,2020/04/01,,,read,,,,1,0
231804,The Outsiders,S.E. Hinton,"Hinton, S.E.",,"=""0670532576""","=""9780670532575""",4.0,Puffin Books (US/CAN),Mass Market Paperback,208,1997,1967,2020/04/22,2019/12/16,,,read,,,,1,0
36341204,"What If It's Us (What If It's Us, #1)",Becky Albertalli,"Albertalli, Becky",Adam Silvera,"=""0062795252""","=""9780062795250""",4.0,HarperCollins,Hardcover,448,2018,2018,2020/04/21,2019/12/19,,,read,,,,1,0
42083967,Broken Throne (Red Queen #4.5),Victoria Aveyard,"Aveyard, Victoria",,"=""1409176053""","=""9781409176053""",5.0,Orion,Kindle Edition,479,2019,2019,2020/04/19,2019/12/03,,,read,,,,1,0
25362018,"Steel Scars (Red Queen, #0.2)",Victoria Aveyard,"Aveyard, Victoria",,"=""0062422979""","=""9780062422972""",5.0,HarperTeen,ebook,100,2016,2016,2020/04/19,2019/12/03,,,read,,,,1,0
25005214,"Queen Song (Red Queen, #0.1)",Victoria Aveyard,"Aveyard, Victoria",,"=""0062422960""","=""9780062422965""",5.0,HarperTeen,Kindle Edition,79,2015,2015,2020/04/19,2019/12/03,,,read,,,,1,0
25944381,"Cruel Crown (Red Queen, #0.1-0.2)",Victoria Aveyard,"Aveyard, Victoria",,"=""0062435345""","=""9780062435347""",5.0,HarperCollins,Paperback,207,2016,2016,2020/04/19,2019/12/03,,,read,,,,1,0
27188596,"War Storm (Red Queen, #4)",Victoria Aveyard,"Aveyard, Victoria",,"=""0062422995""","=""9780062422996""",5.0,HarperTeen,Hardcover,662,2018,2018,2020/04/18,2019/11/13,,,read,,,,1,0
7613,Animal Farm,George Orwell,"Orwell, George","Ann Patchett, Téa Obreht","=""""","=""""",4.0,Plume,Paperback,129,2003,1945,2018/01/01,2019/07/12,,,read,,,,2,0
38225791,Two Can Keep a Secret,Karen M. McManus,"McManus, Karen M.",,"=""1524714720""","=""9781524714727""",4.0,Delacorte Press,Hardcover,329,2019,2019,2020/04/14,2020/04/13,,,read,,,,1,0
41998311,Dry,Neal Shusterman,"Shusterman, Neal",Jarrod Shusterman,"=""1406386855""","=""9781406386851""",4.0,Walker Books,Paperback,399,2018,2018,2020/04/13,2020/04/12,,,read,,,,1,0
42391655,Stepsister,Jennifer Donnelly,"Donnelly, Jennifer",,"=""1471407977""","=""9781471407970""",5.0,Hot Key Books,Paperback,469,2019,2019,2020/04/12,2020/04/11,,,read,,,,1,0
25846599,Percy Jackson e gli Dei dell'Olimpo - Le storie segrete,Rick Riordan,"Riordan, Rick",Loredana Baldinucci,"=""8852066004""","=""9788852066009""",5.0,Mondadori,Kindle Edition,170,2015,2016,2020/04/10,2020/04/10,,,read,,,,1,1
41150487,"Red, White & Royal Blue (Red, White & Royal Blue, #1)",Casey McQuiston,"McQuiston, Casey",,"=""1250316774""","=""9781250316776""",5.0,St. Martin's Griffin,Paperback,443,2019,2019,2020/04/09,2019/11/05,,,read,,,,1,0
25576828,Il Piccolo Principe,Antoine de Saint-Exupéry,"Saint-Exupéry, Antoine de",Emanuele Trevi,"=""8854172383""","=""9788854172388""",5.0,Newton Compton Editori,Paperback,137,2015,1943,2020/04/08,2020/04/08,,,read,,,,1,0
33876596,Things a Bright Girl Can Do,Sally Nicholls,"Nicholls, Sally",,"=""1783445254""","=""9781783445257""",5.0,Andersen Press,Hardcover,418,2017,2017,2020/04/08,2020/04/06,,,read,,,,1,0
80084,Cupid and Psyche,Apuleius,"Apuleius, Apuleius",Edward John Kenney,"=""0521278139""","=""9780521278133""",5.0,Cambridge University Press,Paperback,256,1990,170,2020/04/06,2020/04/03,,,read,,,,1,0
35820633,"The Fates Divide (Carve the Mark, #2)",Veronica Roth,"Roth, Veronica",,"=""0062426958""","=""9780062426956""",5.0,HarperCollins,Hardcover,443,2018,2018,2020/04/05,2020/04/01,,,read,,,,1,0
33383151,"Carve the Mark (Carve the Mark, #1)",Veronica Roth,"Roth, Veronica",,"=""0008159491""","=""9780008159498""",5.0,HARPER COLLINS,Paperback,512,2018,2017,2020/04/03,2019/10/04,,,read,,,,1,0
4671,The Great Gatsby,F. Scott Fitzgerald,"Fitzgerald, F. Scott",,"=""0743273567""","=""9780743273565""",4.0,Scribner,Paperback,180,2025,1925,2020/04/01,2020/02/04,,,read,,,,1,0
33231785,"We Can Be Mended (Divergent, #3.5)",Veronica Roth,"Roth, Veronica",,"=""""","=""""",4.0,Katherine Tegen Books,ebook,29,2017,2017,2020/04/01,2020/04/01,,,read,,,,1,0
44314544,I Hold Your Heart,Karen Gregory,"Gregory, Karen",,"=""1526609169""","=""9781526609168""",4.0,Bloomsbury YA,Paperback,320,2019,2019,2020/04/01,2019/12/19,,,read,,,,1,0
17320105,"The Painted Man (Demon Cycle, #1)",Peter V. Brett,"Brett, Peter V.",,"=""0007492545""","=""9780007492541""",3.0,HarperCollins Publishers,Paperback,544,2013,2008,2020/03/09,2020/03/06,,,read,,,,1,1
2167065,Madame: A Novel,Antoni Libera,"Libera, Antoni",Agnieszka Kołakowska,"=""0374200068""","=""9780374200060""",5.0,Farrar Straus & Giroux,Hardcover,440,2000,1998,2020/02/19,2020/02/17,,,read,,,,1,1
13228487,"The Dragonet Prophecy (Wings of Fire, #1)",Tui T. Sutherland,"Sutherland, Tui T.",,"=""0545349184""","=""9780545349185""",3.0,Scholastic Press,Hardcover,336,2012,2012,2020/03/30,2020/03/30,,,read,,,,1,0
3646821,I Miserabili,Victor Hugo,"Hugo, Victor","Marisa Zini, Marc Le Cannu, Charles Baudelaire","=""880443368X""","=""9788804433682""",5.0,Mondadori,Cofanetto,1417,1994,1862,2020/03/29,2020/03/09,,,read,,,,1,1
43244013,Queenie,Candice Carty-Williams,"Carty-Williams, Candice",,"=""""","=""""",4.0,Trapeze,Hardcover,400,2019,2019,2020/02/11,2020/02/08,,,read,,,,1,0
48846563,Straight on Till Morning,Liz Braswell,"Braswell, Liz",,"=""1789053749""","=""9781789053746""",5.0,Autumn,Paperback,488,2020,2020,2020/03/05,2020/02/29,,,read,,,,1,1
52026297,"Conceal, Don't Feel",Jen Calonita,"Calonita, Jen",,"=""136805417X""","=""9781368054171""",4.0,Disney Hyperion,Kindle Edition,320,2019,2019,2019/08/26,2019/08/26,,,read,,,,1,1
45679318,"My Sister, the Serial Killer",Oyinkan Braithwaite,"Braithwaite, Oyinkan",,"=""1786495988""","=""9781786495983""",5.0,Atlantic Books,Paperback,226,2019,2018,2020/02/29,2020/02/27,,,read,,,,1,0
40536331,"Good Omens: The Nice and Accurate Prophecies of Agnes Nutter, Witch",Terry Pratchett,"Pratchett, Terry",Neil Gaiman,"=""0062697250""","=""9780062697257""",4.0,William Morrow Paperbacks,Paperback,384,2019,1990,2020/02/27,2020/02/19,,,read,,,,1,1
26156987,If I Was Your Girl,Meredith Russo,"Russo, Meredith",,"=""1250078407""","=""9781250078407""",4.0,Flatiron Books,Hardcover,280,2016,2016,2020/02/17,2020/01/09,,,read,,,,1,0
1427030,Cuore,Edmondo de Amicis,"Amicis, Edmondo de",,"=""0543887243""","=""9780543887245""",4.0,Adamant Media Corporation,Paperback,362,2006,1886,,2020/02/16,,,read,,,,1,0
17286812,The F-It List,Julie Halpern,"Halpern, Julie",,"=""1250025656""","=""9781250025654""",4.0,Feiwel & Friends,Hardcover,256,2013,2013,2020/02/14,2019/09/07,,,read,,,,1,0
34810320,Sadie,Courtney Summers,"Summers, Courtney",,"=""1250105714""","=""9781250105714""",5.0,Wednesday Books,Hardcover,308,2018,2018,2020/02/09,2019/08/01,,,read,,,,1,0
11409124,The Weight of Water,Sarah Crossan,"Crossan, Sarah",,"=""1408824647""","=""9781408824641""",4.0,Bloomsbury Publishing PLC,Hardcover,240,2012,2012,2020/02/05,2019/11/12,,,read,,,,1,0
24926016,"[(Apple and Rain)] [By (author) Sarah Crossan] published on (February, 2015)",Sarah Crossan,"Crossan, Sarah",,"=""1408827131""","=""""",4.0,Bloomsbury Childrens Books,Unknown Binding,240,2015,2014,2020/02/04,2020/02/03,,,read,,,,1,0
29437949,Behind Closed Doors,B.A. Paris,"Paris, B.A.",,"=""1250121000""","=""9781250121004""",5.0,St. Martin's Press,Hardcover,293,2016,2016,2020/02/03,2020/02/02,,,read,,,,1,0
46128300,"American Royals (American Royals, #1)",Katharine McGee,"McGee, Katharine",,"=""0241365953""","=""9780241365953""",5.0,Penguin,Paperback,440,2019,2019,2020/02/02,2020/01/31,,,read,,,,1,0
16143347,We Were Liars,E. Lockhart,"Lockhart, E.",,"=""0385741278""","=""9780385741279""",5.0,Delacorte Press,Paperback,320,2018,2014,2020/01/31,2019/11/17,,,read,,,,1,0
44698834,Can You See Me?,Libby Scott,"Scott, Libby",Rebecca Westcott,"=""1407195670""","=""9781407195674""",4.0,Scholastic,Paperback,365,2019,2019,2020/01/30,2020/01/24,,,read,,,,1,0
39863399,Birthday,Meredith Russo,"Russo, Meredith",,"=""1250129834""","=""9781250129833""",5.0,Flatiron Books,Hardcover,288,2019,2019,2020/01/29,2020/01/28,,,read,,,,1,0
13262783,"Every Day (Every Day, #1)",David Levithan,"Levithan, David",,"=""0307931889""","=""9780307931887""",5.0,Knopf Books for Young Readers,Hardcover,322,2012,2012,2020/01/28,2020/01/27,,,read,,,,1,0
43667490,The Prom: A Novel Based on the Hit Broadway Musical,Saundra Mitchell,"Mitchell, Saundra","Bob Martin, Chad Beguelin, Matthew Sklar","=""1984837524""","=""9781984837523""",4.0,Viking Books for Young Readers,Hardcover,240,2019,2019,2020/01/26,2020/01/25,,,read,,,,1,0
44654627,"One of Us Is Next (One of Us Is Lying, #2)",Karen M. McManus,"McManus, Karen M.",,"=""0525707964""","=""9780525707967""",5.0,Delacorte Press for Young Readers,Hardcover,377,2020,2020,2020/01/25,2020/01/01,,,read,,,,1,0
18254,Oliver Twist,Charles Dickens,"Dickens, Charles",Philip Horne,"=""""","=""""",4.0,Penguin Books,Paperback,608,2003,1838,,2019/07/20,,,read,,,,1,0
45033931,"Cilka's Journey (The Tattooist of Auschwitz, #2)",Heather   Morris,"Morris, Heather",,"=""1250265703""","=""9781250265708""",5.0,St. Martin's Press,Hardcover,352,2019,2019,2020/01/23,2019/12/16,,,read,,,,1,0
39999,The Boy in the Striped Pajamas,John Boyne,"Boyne, John",,"=""0385751079""","=""9780385751070""",5.0,David Fickling Books,Hardcover,224,2006,2006,2020/01/21,2019/11/30,,,read,,,,1,0
41473851,Get Out of Town (Riverdale #2),Micol Ostow,"Ostow, Micol",,"=""1338289489""","=""9781338289480""",3.0,Scholastic Inc,Paperback,288,2019,2019,2020/01/19,2020/01/18,,,read,,,,1,0
29749094,Superman: Dawnbreaker,Matt de la Peña,"Peña, Matt de la",,"=""0141386878""","=""9780141386874""",4.0,Random House Books for Young Readers,Hardcover,336,2019,2019,2020/01/14,2019/11/18,,,read,,,,1,1
19063,The Book Thief,Markus Zusak,"Zusak, Markus",,"=""""","=""""",5.0,Alfred A. Knopf,Kindle Edition,592,2006,2005,2020/01/17,2019/10/10,,,read,,,,1,0
29749098,Catwoman: Soulstealer,Sarah J. Maas,"Maas, Sarah J.",,"=""0399549692""","=""9780399549694""",4.0,Random House Books for Young Readers,Hardcover,384,2018,2018,2020/01/12,2019/11/18,,,read,,,,1,1
29749085,Wonder Woman: Warbringer,Leigh Bardugo,"Bardugo, Leigh",,"=""0399549730""","=""9780399549731""",4.0,Random House Children's Books,Hardcover,369,2017,2017,2020/01/09,2019/11/18,,,read,,,,1,1
29749090,Batman: Nightwalker,Marie Lu,"Lu, Marie",,"=""0399549781""","=""9780399549786""",4.0,Random House Books for Young Readers,Hardcover,272,2018,2018,2020/01/11,2019/11/18,,,read,,,,1,1
18126198,"Four: A Divergent Story Collection (Divergent, #0.1-0.4)",Veronica Roth,"Roth, Veronica",,"=""0062285688""","=""9780062285683""",5.0,Katherine Tegen Books,Paperback,285,2014,2014,2020/01/06,2020/01/05,,,read,,,,1,1
18710190,"Allegiant (Divergent, #3)",Veronica Roth,"Roth, Veronica",,"=""0007524277""","=""9780007524273""",5.0,HarperCollins Children's Book's,Hardcover,531,2013,2013,2020/01/05,2019/11/09,,,read,,,,1,1
11735983,"Insurgent (Divergent, #2)",Veronica Roth,"Roth, Veronica",,"=""0007442912""","=""9780007442911""",5.0,HarperCollins Children's Books,Hardcover,525,2012,2012,2020/01/04,2019/11/09,,,read,,,,1,1
13335037,"Divergent (Divergent, #1)",Veronica Roth,"Roth, Veronica",,"=""0062024035""","=""9780062024039""",5.0,Katherine Tegen Books,Paperback,487,2012,2011,2020/01/03,2019/07/11,,,read,,,,1,1
28006109,"The Tyrant’s Tomb (The Trials of Apollo, #4)",Rick Riordan,"Riordan, Rick",,"=""1368001440""","=""9781368001441""",5.0,Disney Hyperion,ebook,439,2019,2019,2020/01/02,2019/09/12,,,read,,,,1,1
42135029,City of Girls,Elizabeth Gilbert,"Gilbert, Elizabeth",,"=""1594634734""","=""9781594634734""",5.0,Riverhead,Hardcover,470,2019,2019,2019/12/31,2019/11/05,,,read,,,,1,0
50205369,Magnus Chase e gli Dei di Asgard. Le storie segrete,Rick Riordan,"Riordan, Rick",Loredana Baldinucci,"=""8804711701""","=""9788804711704""",5.0,Mondadori,Hardcover,242,2019,2018,2019/08/01,2019/07/31,,,read,,,,1,1
33290383,Let It Snow,John  Green,"Green, John","Maureen Johnson, Lauren Myracle","=""""","=""""",4.0,Speak,Kindle Edition,353,2016,2008,2019/12/29,2019/07/27,,,read,,,,1,0
32620332,The Seven Husbands of Evelyn Hugo,Taylor Jenkins Reid,"Reid, Taylor Jenkins",,"=""1501139231""","=""9781501139239""",5.0,Atria Books,Hardcover,389,2017,2017,2019/12/28,2019/11/30,,,read,,,,1,0
30038906,The Names They Gave Us,Emery Lord,"Lord, Emery",,"=""1619639580""","=""9781619639584""",4.0,Bloomsbury USA Childrens,Hardcover,390,2017,2017,2019/12/26,2019/12/23,,,read,,,,1,0
43298608,"The Maple Murders (Riverdale, #3)",Micol Ostow,"Ostow, Micol",,"=""1338566482""","=""9781338566482""",3.0,Scholastic Inc.,Kindle Edition,223,2019,2019,2019/12/22,2019/12/21,,,read,,,,1,0
43822024,"The Toll (Arc of a Scythe, #3)",Neal Shusterman,"Shusterman, Neal",,"=""1481497065""","=""9781481497060""",4.0,Simon & Schuster Books for Young Readers,Hardcover,625,2019,2019,2019/11/21,2019/07/12,,,read,,,,1,0
37537788,Aftermath,Kelley Armstrong,"Armstrong, Kelley",,"=""0349002665""","=""9780349002668""",5.0,ATOM,Paperback,371,2018,2018,2019/12/21,2019/12/13,,,read,,,,1,0
49623822,The Perks of Being a Wallflower,Stephen Chbosky,"Chbosky, Stephen",,"=""1982110996""","=""9781982110994""",4.0,Gallery Books,Hardcover,224,2019,1999,2019/01/01,2019/08/01,,,read,,,,1,0
40853731,"The Paper & Hearts Society (The Paper & Hearts Society, #1)",Lucy Powrie,"Powrie, Lucy",,"=""1444949233""","=""9781444949230""",5.0,GARDNERS VI BOOKS AMS006,Paperback,355,2019,2019,2019/12/20,2019/12/13,,,read,,,,1,0
30226723,"King's Cage (Red Queen, #3)",Victoria Aveyard,"Aveyard, Victoria",,"=""0062310712""","=""9780062310712""",5.0,HarperTeen,ebook,520,2017,2017,2019/12/16,2019/11/13,,,read,,,,1,0
23174274,"Glass Sword (Red Queen, #2)",Victoria Aveyard,"Aveyard, Victoria",,"=""0062310666""","=""9780062310668""",5.0,HarperTeen,Hardcover,444,2016,2016,2019/12/07,2019/11/13,,,read,,,,1,0
22328546,"Red Queen (Red Queen, #1)",Victoria Aveyard,"Aveyard, Victoria",,"=""0062310631""","=""9780062310637""",5.0,HarperTeen,Hardcover,388,2015,2015,2019/12/02,2019/07/11,,,read,,,,1,0
32942077,Assassin's Creed,Christie Golden,"Golden, Christie",,"=""1405931507""","=""9781405931502""",3.0,PENGUIN,Paperback,325,2016,2016,2019/11/30,2019/11/28,,,read,,,,1,0
40381392,"Finale (Caraval, #3)",Stephanie Garber,"Garber, Stephanie",,"=""1250157668""","=""9781250157669""",4.0,Flatiron Books,Hardcover,478,2019,2019,2019/11/28,2019/10/04,,,read,,,,1,0
22910900,The Rest of Us Just Live Here,Patrick Ness,"Ness, Patrick",,"=""1406331163""","=""9781406331165""",5.0,Walker Books,Hardcover,348,2015,2015,2019/11/26,2019/11/17,,,read,,,,1,0
18336965,My Heart and Other Black Holes,Jasmine Warga,"Warga, Jasmine",,"=""0062324691""","=""9780062324696""",5.0,HarperCollins/Balzer + Bray,Kindle Edition,302,2015,2015,2019/11/24,2019/11/17,,,read,,,,1,0
25899336,When Breath Becomes Air,Paul Kalanithi,"Kalanithi, Paul",Abraham   Verghese,"=""0812988418""","=""9780812988413""",5.0,Random House,Kindle Edition,208,2016,2016,2019/11/18,2019/11/08,,,read,,,,1,0
36329818,"Legendary (Caraval, #2)",Stephanie Garber,"Garber, Stephanie",,"=""125009531X""","=""9781250095312""",4.0,Flatiron Books,Hardcover,451,2018,2018,2019/11/17,2019/10/04,,,read,,,,1,0
27883214,"Caraval (Caraval, #1)",Stephanie Garber,"Garber, Stephanie",,"=""1250095255""","=""9781250095251""",4.0,Flatiron Books,Hardcover,407,2017,2016,2019/11/14,2019/10/04,,,read,,,,1,0
14740587,A World Between Us,Lydia Syson,"Syson, Lydia",,"=""1471400093""","=""9781471400094""",4.0,Hot Key Books,Paperback,274,2012,2012,2019/11/12,2019/11/08,,,read,,,,1,0
6411961,"The Lost Symbol (Robert Langdon, #3)",Dan    Brown,"Brown, Dan",,"=""0385504225""","=""9780385504225""",4.0,Doubleday,Hardcover,509,2009,2009,2019/11/10,2019/11/03,,,read,,,,1,0
35031085,Frankenstein: The 1818 Text,Mary Wollstonecraft Shelley,"Shelley, Mary Wollstonecraft",Charlotte  Gordon,"=""0143131842""","=""9780143131847""",3.0,Penguin Classics,Paperback,260,2018,1818,2019/11/03,2019/11/02,,,read,,,,1,0
960,"Angels & Demons (Robert Langdon, #1)",Dan    Brown,"Brown, Dan",,"=""1416524797""","=""9781416524793""",5.0,Pocket Books,Mass Market Paperback,736,2006,2000,2019/11/01,2019/10/23,,,read,,,,1,0
17212231,"Inferno (Robert Langdon, #4)",Dan    Brown,"Brown, Dan",,"=""0385537859""","=""9780385537858""",5.0,Doubleday,Hardcover,463,2013,2013,2019/10/22,2019/10/14,,,read,,,,1,0
23357071,"Frozen Charlotte (Frozen Charlotte, #1)",Alex Bell,"Bell, Alex",,"=""1847154530""","=""9781847154538""",5.0,Stripes Publishing,Paperback,342,2015,2014,2019/10/11,2019/10/10,,,read,,,,1,0
35005611,"Charlotte Says (Frozen Charlotte, #2)",Alex Bell,"Bell, Alex",,"=""1847158404""","=""9781847158406""",5.0,Little Tiger Press Group,Paperback,353,2017,2017,2019/10/10,2019/10/09,,,read,,,,1,0
968,"The Da Vinci Code (Robert Langdon, #2)",Dan    Brown,"Brown, Dan",,"=""""","=""""",5.0,Anchor,Paperback,489,2006,2003,2019/10/08,2019/10/05,,,read,,,,1,0
36039165,The Nowhere Girls,Amy Reed,"Reed, Amy",,"=""0349003076""","=""9780349003078""",4.0,Atom,Paperback,404,2017,2017,2019/10/04,2019/09/28,,,read,,,,1,0
35606560,The Sun and Her Flowers,Rupi Kaur,"Kaur, Rupi",,"=""1449486797""","=""9781449486792""",2.0,Andrews McMeel Publishing,Paperback,256,2017,2018,2019/09/30,2019/09/07,,,read,,,,1,0
23513349,Milk and honey,Rupi Kaur,"Kaur, Rupi",,"=""1502784270""","=""9781502784278""",2.0,Createspace Independent Pub,Paperback,204,2014,2014,2019/09/29,2019/09/07,,,read,,,,1,0
37789683,After the Fire,Will  Hill,"Hill, Will",,"=""1492669792""","=""9781492669791""",5.0,Sourcebooks Fire,Hardcover,464,2018,2015,2019/09/28,2019/09/26,,,read,,,,1,0
24909347,"Obsidio (The Illuminae Files, #3)",Amie Kaufman,"Kaufman, Amie",Jay Kristoff,"=""055349919X""","=""9780553499193""",5.0,Knopf Books for Young Readers,Hardcover,618,2018,2018,2019/09/25,2019/09/05,,,read,,,,1,0
29236299,"Gemina (The Illuminae Files, #2)",Amie Kaufman,"Kaufman, Amie","Jay Kristoff, Marie Lu","=""0553499165""","=""9780553499162""",5.0,Knopf Books for Young Readers,Library Binding,659,2016,2016,2019/09/22,2019/09/02,,,read,,,,1,0
25524728,"Illuminae (The Illuminae Files, #1)",Amie Kaufman,"Kaufman, Amie",Jay Kristoff,"=""1760113808""","=""9781760113803""",5.0,Allen & Unwin,Paperback,599,2015,2015,2019/09/15,2019/07/12,,,read,,,,1,0
8320764,Il giardino segreto. The Secret Garden,G.K. Chesterton,"Chesterton, G.K.",,"=""""","=""""",3.0,Gruppo Editoriale L'Espresso,Kindle Edition,71,2010,1860,2016/01/01,2019/09/07,,,read,,,,1,0
33555224,"Thunderhead (Arc of a Scythe, #2)",Neal Shusterman,"Shusterman, Neal",,"=""1442472456""","=""9781442472457""",3.0,Simon & Schuster Books for Young Readers,Hardcover,504,2018,2018,2019/09/07,2019/07/12,,,read,,,,1,0
29203820,Groot,Jeff Loveness,"Loveness, Jeff","Brian Kesinger, Veronica Gandini","=""1846536960""","=""9781846536960""",4.0,Panini UK Ltd/Marvel,Paperback,136,2016,2015,2019/09/03,2019/09/03,,,read,,,,1,0
29844228,Thirteen Reasons Why,Jay Asher,"Asher, Jay",,"=""1595147888""","=""9781595147882""",4.0,Razorbill,Hardcover,352,2016,2007,2019/09/02,2019/09/01,,,read,,,,1,0
35837507,La Ferrovia sotterranea,Colson Whitehead,"Whitehead, Colson",Martina Testa,"=""8869980871""","=""9788869980879""",4.0,SUR,Paperback,376,2017,2016,2019/09/01,2019/08/18,,,read,,,,1,1
21470028,"L'ombra del serpente (The Kane Chronicles, #3)",Rick Riordan,"Riordan, Rick",Laura Grassi,"=""8804635274""","=""9788804635277""",5.0,Mondadori,Hardcover,397,2014,2012,2019/08/25,2019/08/22,,,read,,,,1,1
20621411,"Il trono di fuoco (The Kane Chronicles, #2)",Rick Riordan,"Riordan, Rick","Laura Grassi, Davide Nadalin","=""8804629479""","=""9788804629474""",5.0,Mondadori,Hardcover,510,2013,2011,2019/08/22,2019/08/16,,,read,,,,1,1
16040134,"La Piramide Rossa (The Kane Chronicles, #1)",Rick Riordan,"Riordan, Rick",Loredana Baldinucci,"=""8804622032""","=""9788804622031""",5.0,Mondadori,Hardcover,484,2012,2010,2019/08/15,2019/08/08,,,read,,,,1,1
40916679,"A Good Girl's Guide to Murder (A Good Girl's Guide to Murder, #1)",Holly  Jackson,"Jackson, Holly",,"=""1405293187""","=""9781405293181""",5.0,Electric Monkey,Paperback,433,2019,2019,2019/08/07,2019/07/20,,,read,,,,1,0
42250086,"The Odd Sisters (Villains, #6)",Serena Valentino,"Valentino, Serena",,"=""136801318X""","=""9781368013185""",4.0,Random House/Disney,Hardcover,288,2019,2019,2019/08/05,2019/07/12,,,read,,,,1,1
39686415,"Campo Mezzosangue - Il libro segreto (Le sfide di Apollo, #2.5)",Rick Riordan,"Riordan, Rick",Laura Grassi,"=""880468674X""","=""9788804686743""",5.0,Mondadori,Hardcover,194,2018,2017,2019/08/04,2019/08/01,,,read,,,,1,1
23267628,"The Fever Code (The Maze Runner, #5)",James Dashner,"Dashner, James",,"=""0553513095""","=""9780553513097""",5.0,Delacorte Press,Hardcover,347,2016,2016,2019/01/01,2019/08/01,,,read,,,,1,1
13089710,"The Kill Order (The Maze Runner, #4)",James Dashner,"Dashner, James",,"=""0385742886""","=""9780385742887""",5.0,Delacorte Books for Young Readers,Hardcover,327,2012,2012,2019/01/01,2019/08/01,,,read,,,,1,1
7864437,"The Death Cure (The Maze Runner, #3)",James Dashner,"Dashner, James",,"=""0385738773""","=""9780385738774""",5.0,Delacorte Books for Young Readers,Hardcover,325,2011,2011,2019/01/01,2019/08/01,,,read,,,,1,1
7631105,"The Scorch Trials (The Maze Runner, #2)",James Dashner,"Dashner, James",,"=""0385738757""","=""9780385738750""",5.0,Delacorte Press,Hardcover,362,2010,2010,2019/01/01,2019/08/01,,,read,,,,1,1
30346900,Poor Unfortunate Soul (Villains #3),Serena Valentino,"Valentino, Serena",Walt Disney Company,"=""1484725182""","=""9781484725184""",4.0,Random House/Disney,Kindle Edition,208,2016,2016,2019/01/01,2019/08/01,,,read,,,,1,1
25955314,Sherlock: The Essential Arthur Conan Doyle Adventures,Arthur Conan Doyle,"Doyle, Arthur Conan",,"=""1785940163""","=""9781785940163""",5.0,BBC Books,Hardcover,512,2016,2009,2019/01/01,2019/08/01,,,read,,,,1,1
24817626,Go Set a Watchman,Harper Lee,"Lee, Harper",,"=""0062409859""","=""9780062409850""",4.0,HarperCollins,Hardcover,278,2015,2015,2019/01/01,2019/08/01,,,read,,,,1,0
77203,The Kite Runner,Khaled Hosseini,"Hosseini, Khaled",,"=""159463193X""","=""9781594631931""",5.0,Riverhead Books,Paperback,371,2004,2003,2019/01/01,2019/08/01,,,read,,,,1,0
10210,Jane Eyre,Charlotte Brontë,"Brontë, Charlotte",Michael Mason,"=""0142437204""","=""9780142437209""",3.0,Penguin,Paperback,532,2003,1847,2019/01/01,2019/08/01,,,read,,,,1,0
6185,Wuthering Heights,Emily Brontë,"Brontë, Emily","Richard J. Dunn, Charlotte Brontë, John Bugg, Robert Heindel","=""""","=""""",3.0,Norton,Paperback,464,2002,1847,2019/01/01,2019/08/01,,,read,,,,1,1
36082326,Every Note Played,Lisa Genova,"Genova, Lisa",,"=""147671780X""","=""9781476717807""",4.0,Scout Press,Hardcover,307,2018,2018,2019/01/01,2019/08/01,,,read,,,,1,0
28954189,"Scythe (Arc of a Scythe, #1)",Neal Shusterman,"Shusterman, Neal",,"=""""","=""""",4.0,Simon & Schuster Books for Young Readers,Hardcover,435,2016,2016,2019/01/01,2019/07/12,,,read,,,,1,0
41181849,Magnus Chase e gli dei di Asgard - Il libro segreto,Rick Riordan,"Riordan, Rick",Laura Grassi,"=""8804674709""","=""9788804674702""",5.0,Mondadori,Hardcover,165,2017,2016,2019/08/01,2019/08/01,,,read,,,,1,1
36691267,La nave degli scomparsi (Magnus Chase e gli Dei di Asgard #3),Rick Riordan,"Riordan, Rick","Laura Melosi, Loredana Baldinucci","=""8852084207""","=""9788852084201""",5.0,Mondadori,Kindle Edition,444,2017,2017,2019/07/31,2019/07/29,,,read,,,,1,1
18705209,"The Blood of Olympus (The Heroes of Olympus, #5)",Rick Riordan,"Riordan, Rick",,"=""""","=""""",5.0,Disney-Hyperion Books,Hardcover,516,2014,2014,2019/07/29,2019/07/29,,,read,,,,1,1
12127810,"The House of Hades (The Heroes of Olympus, #4)",Rick Riordan,"Riordan, Rick",,"=""1423146727""","=""9781423146728""",5.0,Disney-Hyperion Books,Hardcover,597,2013,2013,2019/01/01,2019/07/29,,,read,,,,1,1
9520360,"The Son of Neptune (The Heroes of Olympus, #2)",Rick Riordan,"Riordan, Rick",,"=""1423140591""","=""9781423140597""",5.0,Disney-Hyperion Books,Hardcover,521,2011,2011,2019/01/01,2019/07/29,,,read,,,,1,1
12127750,"The Mark of Athena (The Heroes of Olympus, #3)",Rick Riordan,"Riordan, Rick",,"=""1423140605""","=""9781423140603""",5.0,Disney-Hyperion Books,Hardcover,586,2012,2012,2019/01/01,2019/07/29,,,read,,,,1,1
7736182,"The Lost Hero (The Heroes of Olympus, #1)",Rick Riordan,"Riordan, Rick",,"=""142311339X""","=""9781423113393""",5.0,Disney-Hyperion Books,Hardcover,576,2010,2010,2019/01/01,2019/07/29,,,read,,,,1,1
33133159,Il martello di Thor,Rick Riordan,"Riordan, Rick","Loredana Baldinucci, Laura Melosi","=""8852077715""","=""9788852077715""",5.0,Mondadori ,Kindle Edition,473,2017,2016,2019/07/29,2019/07/27,,,read,,,,1,1
2727158,The Count of Monte Cristo: Blackstone Audio Classic Collection,Alexandre Dumas,"Dumas, Alexandre",John Lee,"=""1433215799""","=""9781433215797""",5.0,Blackstone Publishing,Audiobook,47,2005,1846,,2019/07/27,,,read,Magnificent,,,1,1
6567017,"Will Grayson, Will Grayson",John  Green,"Green, John",David Levithan,"=""0525421580""","=""9780525421580""",4.0,Dutton Books,Hardcover,320,2010,2010,2019/01/01,2019/07/12,,,read,,,,1,0
49750,An Abundance of Katherines,John  Green,"Green, John",,"=""0525476881""","=""9780525476887""",5.0,Dutton Books for Young Readers,Hardcover,229,2006,2006,2019/01/01,2019/07/27,,,read,,,,1,0
6442769,Paper Towns,John  Green,"Green, John",Gázsity Mila,"=""014241493X""","=""9780142414934""",5.0,Speak,Paperback,305,2009,2008,2019/01/01,2019/07/27,,,read,,,,1,0
99561,Looking for Alaska,John  Green,"Green, John",,"=""1435249151""","=""9781435249158""",5.0,Speak,Paperback,221,2006,2005,2019/01/01,2019/07/27,,,read,,,,1,0
8852,Macbeth,William Shakespeare,"Shakespeare, William","Barbara A. Mowat, Paul Werstine","=""0743477103""","=""9780743477109""",3.0,Simon & Schuster,Mass Market Paperback,249,2013,1623,2019/01/01,2019/07/27,,,read,,,,1,1
15724396,"The Sword of Summer (Magnus Chase and the Gods of Asgard, #1)",Rick Riordan,"Riordan, Rick",,"=""1423160916""","=""9781423160915""",5.0,Disney-Hyperion Books,Hardcover,491,2015,2015,2019/07/27,2019/07/22,,,read,,,,1,1
3590,"The Adventures of Sherlock Holmes (Sherlock Holmes, #3)",Arthur Conan Doyle,"Doyle, Arthur Conan",,"=""""","=""""",5.0,Oxford University Press,Paperback,389,1998,1892,2019/01/01,2019/07/27,,,read,,,,1,0
102868,"A Study in Scarlet (Sherlock Holmes, #1)",Arthur Conan Doyle,"Doyle, Arthur Conan",,"=""1420925539""","=""9781420925531""",5.0,Digireads.com,Paperback,123,2005,1887,2019/01/04,2019/07/27,,,read,,,,1,0
6324090,"Alice's Adventures in Wonderland (Alice's Adventures in Wonderland, #1)",Lewis Carroll,"Carroll, Lewis","T.H. Robinson, Charles Pears","=""""","=""""",5.0,Public Domain Books,Kindle Edition,96,1997,1865,,2019/07/27,,,read,,,,1,1
43297855,Il fuggitivo. Theodore Boone,John Grisham,"Grisham, John",,"=""880467072X""","=""9788804670728""",3.0,Mondadori,Paperback,0,2016,2015,,2019/07/27,,,read,,,,1,0
10703268,La prima indagine di Theodore Boone,John Grisham,"Grisham, John",Fabio Paracchini,"=""8804605669""","=""9788804605669""",3.0,Mondadori,Hardcover,238,2011,2010,,2019/07/27,,,read,,,,1,0
1934,"Little Women (Little Women, #1)",Louisa May Alcott,"Alcott, Louisa May","Regina Barreca, Grzegorz Komerski, Marta Fihel","=""""","=""""",4.0,Signet Classics,Mass Market Paperback,449,2004,1868,,2019/07/23,,,read,,,,1,0
28006096,"The Burning Maze (The Trials of Apollo, #3)",Rick Riordan,"Riordan, Rick",,"=""1368024122""","=""9781368024129""",5.0,Disney-Hyperion Books,Hardcover,448,2018,2018,2019/07/22,2019/07/12,,,read,,,,1,1
9676964,Il Giornalino di Gian Burrasca,Vamba,"Vamba, Vamba","Fernando Tempesti, Luigi Bertelli","=""8809050509""","=""9788809050501""",3.0,Giunti Junior,Paperback,288,2007,1912,,2019/07/20,,,read,,,,1,0
10406284,"L'incanto del buio (Fairy Oak, #2)",Elisabetta Gnone,"Gnone, Elisabetta",,"=""8841839732""","=""9788841839737""",4.0,DeAgostini,Hardcover,351,2007,2006,,2019/07/20,,,read,,,,1,0
11947408,Capitan Grisam e l'amore,Elisabetta Gnone,"Gnone, Elisabetta","Alessia Martusciello, Roberta Tedeschi","=""8841862289""","=""9788841862285""",4.0,DeAgostini,Paperback,231,2010,2008,,2019/07/20,,,read,,,,1,0
11952331,Flox sorride in autunno! Fairy Oak,Elisabetta Gnone,"Gnone, Elisabetta",,"=""8841858923""","=""9788841858929""",4.0,De Agostini,Hardcover,263,2009,2009,,2019/07/20,,,read,,,,1,0
9859178,"Il segreto delle gemelle (Fairy Oak, #1)",Elisabetta Gnone,"Gnone, Elisabetta","Alessia Martusciello, G. Perissinotto","=""8841826738""","=""9788841826737""",4.0,DeAgostini,Hardcover,284,2005,2005,,2019/07/20,,,read,,,,1,0
1000751,"Pollyanna (Pollyanna, #1)",Eleanor Hodgman Porter,"Porter, Eleanor Hodgman",,"=""0689849109""","=""9780689849107""",4.0,Aladdin,Paperback,304,2002,1913,,2019/07/20,,,read,,,,1,0
30145666,"The Dark Prophecy (The Trials of Apollo, #2)",Rick Riordan,"Riordan, Rick",,"=""1484746422""","=""9781484746424""",5.0,Disney-Hyperion Books,Hardcover,432,2017,2017,2019/07/15,2019/07/12,,,read,,,,1,1
35504431,Turtles All the Way Down,John  Green,"Green, John",,"=""0525555366""","=""9780525555360""",5.0,Dutton Books for Young Readers,Hardcover,290,2017,2017,2019/01/01,2019/07/14,,,read,,,,1,0
5297,The Picture of Dorian Gray,Oscar Wilde,"Wilde, Oscar",Jeffrey Eugenides,"=""""","=""""",4.0,Random House: Modern Library,Paperback,272,2004,1890,2019/01/01,2019/07/12,,,read,,,,1,0
32075671,"The Hate U Give (The Hate U Give, #1)",Angie Thomas,"Thomas, Angie",,"=""0062498533""","=""9780062498533""",5.0,Clarion Books,Hardcover,454,2017,2017,2019/01/01,2019/07/12,,,read,,,,1,0
39939417,Five Feet Apart,Rachael Lippincott,"Lippincott, Rachael","Mikki Daughtry, Tobias Iaconis","=""""","=""""",5.0,Simon & Schuster Books for Young Readers,ebook,288,2018,2018,2019/01/01,2019/07/12,,,read,,,,1,1
32827036,"Ink (Skin Books, #1)",Alice Broadway,"Broadway, Alice",,"=""1407172840""","=""9781407172842""",5.0,Scholastic,Paperback,366,2017,2017,2019/01/01,2019/07/12,,,read,,,,1,0
38091303,"Spark (Skin Books, #2)",Alice Broadway,"Broadway, Alice",,"=""1407172859""","=""9781407172859""",5.0,Scholastic Fiction,Paperback,344,2018,2018,2019/01/01,2019/07/12,,,read,,,,1,0
37034,The Woman in Black,Susan         Hill,"Hill, Susan",John Lawrence,"=""1567921892""","=""9781567921892""",4.0,"David R. Godine, Publisher",Paperback,138,2001,1983,2019/01/01,2019/07/12,,,read,,,,1,0
28821135,Percy Jackson racconta gli eroi greci,Rick Riordan,"Riordan, Rick",Laura Grassi,"=""8804658819""","=""9788804658818""",5.0,Mondadori,Hardcover,546,2016,2015,2019/01/01,2019/07/12,,,read,,,,1,1
35099718,So You Want to Talk About Race,Ijeoma Oluo,"Oluo, Ijeoma",,"=""1580056776""","=""9781580056779""",4.0,Seal Press,Hardcover,248,2018,2018,2019/01/01,2019/07/12,,,read,,,,1,0
900682,An Inspector Calls,J.B. Priestley,"Priestley, J.B.",,"=""3150092183""","=""9783150092187""",3.0,Reclam,Paperback,117,1987,1945,2019/01/01,2019/07/12,,,read,,,,1,1
32571395,"One of Us Is Lying (One of Us is Lying, #1)",Karen M. McManus,"McManus, Karen M.",,"=""""","=""""",5.0,Delacorte Press,ebook,360,2017,2017,2019/01/01,2019/07/12,,,read,,,,1,0
38359036,"The Tattooist of Auschwitz (The Tattooist of Auschwitz, #1)",Heather   Morris,"Morris, Heather",,"=""006287067X""","=""9780062870674""",4.0,Harper,Hardcover,272,2018,2018,2019/01/01,2019/07/12,,,read,,,,1,0
43124137,The Beekeeper of Aleppo,Christy Lefteri,"Lefteri, Christy",,"=""1984821210""","=""9781984821218""",4.0,Ballantine Books,Hardcover,317,2019,2019,2019/01/01,2019/07/12,,,read,,,,1,0
43301299,Your Deepest Fear (DS Nathan Cody #4),David  Jackson,"Jackson, David",,"=""1785765558""","=""9781785765551""",5.0,Zaffre,Kindle Edition,385,2019,2019,2019/01/01,2019/07/12,,,read,,,,1,0
13214,"I Know Why the Caged Bird Sings (Maya Angelou's Autobiography, #1)",Maya Angelou,"Angelou, Maya",,"=""0553279378""","=""9780553279375""",4.0,Bantam Books,Paperback,289,1993,1969,2019/01/01,2019/07/12,,,read,,,,1,0
7747374,"I Am Number Four (Lorien Legacies, #1)",Pittacus Lore,"Lore, Pittacus",,"=""0061969559""","=""9780061969553""",4.0,HarperCollins,Hardcover,440,2010,2010,2019/01/01,2019/07/12,,,read,,,,1,0
22557272,The Girl on the Train,Paula Hawkins,"Hawkins, Paula",,"=""1594633665""","=""9781594633669""",5.0,Riverhead Books,Hardcover,336,2015,2015,2019/01/01,2019/07/12,,,read,,,,1,0
11870085,The Fault in Our Stars,John  Green,"Green, John",,"=""""","=""""",5.0,Dutton Books,Hardcover,313,2012,2012,2019/01/01,2019/07/12,,,read,,,,1,1
26252859,"The Hidden Oracle (The Trials of Apollo, #1)",Rick Riordan,"Riordan, Rick",,"=""148473274X""","=""9781484732748""",5.0,Disney-Hyperion Books,Hardcover,376,2016,2016,2019/01/01,2019/07/12,,,read,,,,1,1
40600412,Mother Knows Best: A Tale of the Old Witch,Serena Valentino,"Valentino, Serena",,"=""1368026125""","=""9781368026123""",5.0,Random House/Disney,Kindle Edition,399,2018,2018,2019/01/01,2019/07/12,,,read,,,,1,1
34220302,"Mistress of All Evil (Villains, #4)",Serena Valentino,"Valentino, Serena",,"=""1368009018""","=""9781368009010""",5.0,Disney Hyperion,Hardcover,320,2017,2017,2019/01/01,2019/07/12,,,read,,,,1,1
17428643,"The Beast Within (Villains, #2)",Serena Valentino,"Valentino, Serena",,"=""1423159128""","=""9781423159124""",5.0,Disney Hyperion,Hardcover,224,2014,2014,2019/01/01,2019/07/12,,,read,,,,1,1
6124802,"Fairest of All (Villains, #1)",Serena Valentino,"Valentino, Serena",,"=""1423106296""","=""9781423106296""",5.0,Disney Hyperion,Hardcover,256,2009,2009,2019/01/01,2019/07/12,,,read,,,,1,1
727512,Strange Tale of Dr. Jekyll and Mr. Hyde,Robert Louis Stevenson,"Stevenson, Robert Louis",,"=""1584722452""","=""9781584722458""",3.0,In Audio,Audio CD,,2003,1886,2019/01/01,2019/07/12,,,read,,,,1,1
37953790,Part of Your World,Liz Braswell,"Braswell, Liz",,"=""1368013813""","=""9781368013819""",5.0,Random House/Disney,Hardcover,480,2018,2018,2019/01/01,2019/07/12,,,read,,,,1,1
41157965,"Mirror, Mirror",Jen Calonita,"Calonita, Jen",,"=""136801383X""","=""9781368013833""",5.0,Random House/Disney,Hardcover,384,2019,2019,2019/01/01,2019/07/12,,,read,,,,1,1
26031261,Once Upon a Dream,Liz Braswell,"Braswell, Liz",,"=""1484707257""","=""9781484707258""",5.0,Disney-Hyperion,Hardcover,440,2016,2016,2019/01/01,2019/07/12,,,read,,,,1,1
24397040,A Whole New World,Liz Braswell,"Braswell, Liz",,"=""148470729X""","=""9781484707296""",5.0,Disney-Hyperion,Hardcover,376,2015,2015,2019/01/01,2019/07/12,,,read,,,,1,1
35960069,Reflection,Elizabeth Lim,"Lim, Elizabeth",,"=""1484781295""","=""9781484781296""",5.0,Random House/Disney,Hardcover,416,2018,2018,2019/01/01,2019/07/12,,,read,,,,1,1
28450966,As Old as Time,Liz Braswell,"Braswell, Liz",,"=""1484707281""","=""9781484707289""",5.0,Random House/Disney,Hardcover,496,2016,2016,2019/01/01,2019/07/12,,,read,,,,1,1
23524610,One,Sarah Crossan,"Crossan, Sarah",,"=""0062118757""","=""9780062118752""",5.0,Greenwillow Books,Hardcover,434,2015,2015,2019/01/01,2019/07/11,,,read,,,,1,0
2767052,"The Hunger Games (The Hunger Games, #1)",Suzanne Collins,"Collins, Suzanne",,"=""0439023483""","=""9780439023481""",5.0,Scholastic Press,Hardcover,374,2008,2008,2019/01/01,2019/07/11,,,read,,,,1,1
100915,"The Lion, the Witch and the Wardrobe (Chronicles of Narnia, #1)",C.S. Lewis,"Lewis, C.S.","Tormod Haugen, Per Svein Paulsen","=""""","=""""",5.0,HarperCollins Publishers,Paperback,206,2005,1950,2017/01/01,2019/07/11,,,read,,,,1,1
1,"Harry Potter and the Half-Blood Prince (Harry Potter, #6)",J.K. Rowling,"Rowling, J.K.",,"=""""","=""""",5.0,Scholastic Inc,Paperback,652,2006,2005,2018/01/01,2019/07/11,,,read,,,,1,1
2,"Harry Potter and the Order of the Phoenix (Harry Potter, #5)",J.K. Rowling,"Rowling, J.K.",Mary GrandPré,"=""0439686520""","=""9780439686525""",5.0,Scholastic Inc.,Paperback,576,2004,2003,2019/01/01,2019/07/11,,,read,,,,1,1
136251,"Harry Potter and the Deathly Hallows (Harry Potter, #7)",J.K. Rowling,"Rowling, J.K.",,"=""""","=""""",5.0,Arthur A. Levine Books,Hardcover,759,2007,2007,2019/01/01,2019/07/11,,,read,,,,1,1
6,"Harry Potter and the Goblet of Fire (Harry Potter, #4)",J.K. Rowling,"Rowling, J.K.",Mary GrandPré,"=""0439139597""","=""9780439139595""",5.0,Scholastic,Paperback,734,2002,2000,2018/01/01,2019/07/11,,,read,,,,1,1
5,"Harry Potter and the Prisoner of Azkaban (Harry Potter, #3)",J.K. Rowling,"Rowling, J.K.",Mary GrandPré,"=""043965548X""","=""9780439655484""",5.0,Scholastic Inc.,Mass Market Paperback,547,2004,1999,2018/01/01,2019/07/11,,,read,,,,1,1
15881,"Harry Potter and the Chamber of Secrets (Harry Potter, #2)",J.K. Rowling,"Rowling, J.K.",Mary GrandPré,"=""""","=""""",5.0,Arthur A. Levine Books,Hardcover,341,1999,1998,2018/01/01,2019/07/11,,,read,,,,1,1
41899,Fantastic Beasts and Where to Find Them,Newt Scamander,"Scamander, Newt",J.K. Rowling,"=""0439321603""","=""9780439321600""",5.0,"Obscurous Books, Arthur A. Levine Books",Hardcover,128,2001,2001,2018/01/01,2019/07/11,,,read,,,,1,1
65605,"The Magician’s Nephew (Chronicles of Narnia, #6)",C.S. Lewis,"Lewis, C.S.",,"=""0060764902""","=""9780060764906""",5.0,HarperCollins Narnia,Mass Market Paperback,221,2005,1955,2017/01/01,2019/07/11,,,read,,,,1,1
3,"Harry Potter and the Sorcerer's Stone (Harry Potter, #1)",J.K. Rowling,"Rowling, J.K.",,"=""0439554934""","=""9780439554930""",5.0,Scholastic Inc,Hardcover,309,2003,1997,2018/01/01,2019/07/11,,,read,,,,1,1
121749,"Prince Caspian (Chronicles of Narnia, #2)",C.S. Lewis,"Lewis, C.S.",,"=""000720230X""","=""9780007202300""",5.0,HarperCollins Publishers,Hardcover,240,2005,1951,2017/01/01,2019/07/11,,,read,,,,1,1
140225,"The Voyage of the Dawn Treader (Chronicles of Narnia, #3)",C.S. Lewis,"Lewis, C.S.",Pauline Baynes,"=""006112527X""","=""9780061125270""",5.0,HarperCollins,Hardcover,248,2006,1952,2017/01/01,2019/07/11,,,read,,,,1,1
3950967,"The Tales of Beedle the Bard (Hogwarts Library, #3)",J.K. Rowling,"Rowling, J.K.",Hermione Granger,"=""0747599874""","=""9780747599876""",5.0,Bloomsbury,Hardcover,105,2008,2008,2018/01/01,2019/07/11,,,read,,,,1,1
4556058,"The Last Olympian (Percy Jackson and the Olympians, #5)",Rick Riordan,"Riordan, Rick",,"=""1423101472""","=""9781423101475""",5.0,Disney-Hyperion Books,Hardcover,381,2009,2009,2019/01/01,2019/07/11,,,read,,,,1,1
11127,"The Chronicles of Narnia (The Chronicles of Narnia, #1-7)",C.S. Lewis,"Lewis, C.S.",Pauline Baynes,"=""0066238501""","=""9780066238500""",5.0,HarperCollins,Paperback,767,2014,1956,2017/01/01,2019/07/11,,,read,,,,1,1
84119,"The Horse and His Boy (Chronicles of Narnia, #5)",C.S. Lewis,"Lewis, C.S.",,"=""0439861365""","=""9780439861366""",5.0,Scholastic Inc,Paperback,224,1995,1954,2017/01/01,2019/07/11,,,read,,,,1,1
6148028,"Catching Fire (The Hunger Games, #2)",Suzanne Collins,"Collins, Suzanne",,"=""0439023491""","=""9780439023498""",5.0,Scholastic Press,Hardcover,391,2009,2009,2019/04/01,2019/07/11,,,read,,,,1,1
7260188,"Mockingjay (The Hunger Games, #3)",Suzanne Collins,"Collins, Suzanne",,"=""0439023513""","=""9780439023511""",5.0,Scholastic Press,Hardcover,390,2010,2010,2019/04/01,2019/07/11,,,read,,,,1,1
20758104,"The Knife of Never Letting Go (Chaos Walking, #1)",Patrick Ness,"Ness, Patrick",,"=""0763676187""","=""9780763676186""",5.0,Candlewick Press,Paperback,528,2014,2008,2019/01/01,2019/07/11,,,read,,,,1,0
2657,To Kill a Mockingbird,Harper Lee,"Lee, Harper",,"=""0060935464""","=""9780060935467""",5.0,Harper Perennial Modern Classics ,Paperback,323,2006,1960,2019/01/01,2019/07/11,,,read,,,,1,0
6186357,"The Maze Runner (The Maze Runner, #1)",James Dashner,"Dashner, James",,"=""0385737947""","=""9780385737944""",5.0,Delacorte Press,Hardcover,384,2009,2009,2018/12/01,2019/07/11,,,read,,,,1,1
561456,"The Titan’s Curse (Percy Jackson and the Olympians, #3)",Rick Riordan,"Riordan, Rick",,"=""""","=""""",5.0,Puffin Books,Kindle Edition,352,2007,2007,,2019/07/11,,,read,,,,1,1
28186,"The Sea of Monsters (Percy Jackson and the Olympians, #2)",Rick Riordan,"Riordan, Rick",,"=""0786856866""","=""9780786856862""",5.0,Hyperion Books,Hardcover,279,2006,2006,,2019/07/11,,,read,,,,1,1
29056083,"Harry Potter and the Cursed Child: Parts One and Two (Harry Potter, #8)",J.K. Rowling,"Rowling, J.K.","Jack Thorne, John Tiffany","=""0540027340""","=""9780540027347""",3.0,"Little, Brown",Hardcover,343,2016,2016,,2019/07/11,,,read,,,,1,1
28187,"The Lightning Thief (Percy Jackson and the Olympians, #1)",Rick Riordan,"Riordan, Rick",,"=""0786838655""","=""9780786838653""",5.0,Disney Hyperion Books,Paperback,377,2006,2005,,2019/07/11,,,read,,,,1,1
